ent_1_model,ent_1_handle,ent_1_extra_handles,ent_2_model,ent_2_handle,ent_2_handles_other,ent_2_extra_handles
DST,,,GDC,site_of_resection_or_biopsy,,Diagnosis
DST,,,IDC,tcia_tumorLocation,,TCIA
DST,,,PDC,site_of_resection_or_biopsy,,Diagnosis
DST,,,CDS,site_of_resection_or_biopsy,,Additional Diagnosis Information
DST,,,HTAN,site_of_resection_or_biopsy,,Diagnosis
DST,,,CTDC,clinical_trial_description,,clinical_trial
DST,,,ICDC,clinical_study_description,,study
DST,,,PDC,study_description,,Study
DST,,,CDA,dc:description,,Project
DST,,,CTDC,disease,,case
DST,,,GDC,primary_diagnosis,,Diagnosis
DST,,,ICDC,disease_term,,diagnosis
DST,,,PDC,primary_diagnosis,,Diagnosis
DST,,,CDS,primary_diagnosis,,Additional Diagnosis Information
DST,,,CDA,primary_disease_type,,ResearchSubject
DST,,,HTAN,primary_diagnosis,,Diagnosis
DST,,,CTDC,patient_status,,case
DST,,,GDC,vital_status,,Demographic
DST,,,ICDC,patient_status,,follow_up
DST,,,PDC,vital_status,,Demographic
DST,,,CDS,vital_status,,Diagnosis
DST,,,HTAN,vital_status,,Demographics
DST,,,GDC,derived_from (Case),,Sample
DST,,,ICDC,of_case(case),,sample
DST,,,PDC,Case,,Sample
DST,,,CDA,specimen,,ResearchSubject
DST,,,GDC,days_to_last_follow_up,,Diagnosis
DST,,,PDC,days_to_last_follow_up,,Diagnosis
DST,,,CDS,days_to_last_followup,,Additional Diagnosis Information
DST,,,HTAN,days_to_last_follow_up,,Diagnosis
DST,,,GDC,days_to_last_known_disease_status,,Diagnosis
DST,,,PDC,days_to_last_known_disease_status,,Diagnosis
DST,,,CDS,days_to_last_known_disease_status,,Additional Diagnosis Information
DST,,,HTAN,days_to_last_known_disease_status,,Diagnosis
DST,,,GDC,days_to_recurrence,,Diagnosis
DST,,,PDC,days_to_recurrence,,Diagnosis
DST,,,CDS,days_to_recurrence,,Additional Diagnosis Information
DST,,,HTAN,days_to_recurrence,,Diagnosis
DST,,,GDC,last_known_disease_status,,Diagnosis
DST,,,PDC,last_known_disease_status,,Diagnosis
DST,,,CDS,last_known_disease_status,,Additional Diagnosis Information
DST,,,HTAN,last_known_disease_status,,Diagnosis
DST,,,mCODE,Status,,Cancer Disease Status Profile
DST,,,PDC,file_name,,File
DST,,,CDS,file_name,,File
DST,,,CDA,rdfs:label,,File
DST,,,GDC,describes (Case),,Demographic
DST,,,PDC,Case,,Demographic
DST,,,GDC,describes (Case),,FollowUp
DST,,,ICDC,of_case(case),,follow_up
DST,,,PDC,Case,,FollowUp
DST,,,GDC,name,,Project
DST,,,PDC,name,,Project
DST,,,CDA,rdfs:label,,Project
DST,,,GDC,tissue_type,,Sample
DST,,,PDC,tissue_type,,Sample
DST,,,CDA,specimen_type,,Specimen
DST,,,ICDC,file_size,,file
DST,,,PDC,file_size,,File
DST,,,CDA,byte_size,,File
DST,,,ICDC,md5sum,,file
DST,,,PDC,md5sum,,File
DST,,,CDA,checksum,,File
DST,,,ICDC,file_name,,file
DST,,,PDC,original_file_name,,File
DST,,,CDA,file,,ResearchSubject
DST,,,GDC,derived_from (Sample),,Aliquot
DST,,,PDC,Sample,,Aliquot
DST,,,GDC,derived_from (Portion),,Analyte
DST,,,PDC,Portion,,Analyte
DST,,,GDC,derived_from (Sample),,Analyte
DST,,,PDC,Sample,,Analyte
DST,,,GDC,analyte_type,,Analyte
DST,,,PDC,analyte_type,,Analyte
DST,,,PDC,status,,Case
DST,,,GDC,tissue_or_organ_of_origin,,Diagnosis
DST,,,PDC,tissue_or_organ_of_origin,,Diagnosis
DST,,,HTAN,tissue_or_organ_of_origin,,Diagnosis
DST,,,ICDC,file_location,,file
DST,,,PDC,file_location,,File
DST,,,GDC,days_to_follow_up,,FollowUp
DST,,,PDC,days_to_follow_up,,FollowUp
DST,,,HTAN,days_to_follow_up,,Follow-Up
DST,,,GDC,derived_from (Sample),,Portion
DST,,,PDC,Sample,,Portion
DST,,,CTDC,clinical_trial_designation,,clinical_trial
DST,,,ICDC,clinical_study_designation,,study
DST,,,GDC,describes (Diagnosis),,Treatment
DST,,,PDC,Diagnosis,,Treatment
DST,,,GDC,disease_type,,Case
DST,,,PDC,disease_type,,Case
DST,,,CDS,disease_type,,Diagnosis
DST,,,CTDC,ENTITY,,case
DST,,,GDC,ENTITY,,Case
DST,,,ICDC,,,case
DST,,,PDC,ENTITY,,Case
DST,,,GDC,ENTITY,,Diagnosis
DST,,,ICDC,,,diagnosis
DST,,,PDC,ENTITY,,Diagnosis
DST,,,CDA,label,,Diagnosis
DST,,,GDC,describes (Case),,Diagnosis
DST,,,ICDC,of_case(case),,diagnosis
DST,,,PDC,Case,,Diagnosis
DST,,,CDA,hasDiagnosis?     [Diagnosis],,Patient
DST,,,GDC,ENTITY,,Sample
DST,,,ICDC,,,sample
DST,,,PDC,ENTITY,,Sample
DST,,,GDC,lost_to_followup,,Case
DST,,,PDC,lost_to_followup,,Case
DST,,,GDC,ENTITY,,Demographic
DST,,,ICDC,,,demographic
DST,,,PDC,ENTITY,,Demographic
DST,,,GDC,ENTITY,,Program
DST,,,ICDC,,,program
DST,,,PDC,ENTITY,,Program
DST,,,CTDC,ENTITY,,clinical_trial
DST,,,ICDC,,,study
DST,,,PDC,ENTITY,,Study
DST,,,CDA,hasSexAssignedAtBirth,,Patient
DST,,,GDC,submitter_id,,Case
DST,,,PDC,case_submitter_id,,Case
DST,,,GDC,id,,Aliquot
DST,,,PDC,aliquot_id,,Aliquot
DST,,,GDC,submitter_id,,Aliquot
DST,,,PDC,aliquot_submitter_id,,Aliquot
DST,,,GDC,ref:GDC:ubiquitous_properties,,Aliquot
DST,,,PDC,status,,Aliquot
DST,,,GDC,member_of (Project),,Case
DST,,,PDC,Project,,Case
DST,,,ICDC,went_off_study(off_study),,case
DST,,,ICDC,went_off_treatment(off_treatment),,case
DST,,,GDC,progression_or_recurrence,,Diagnosis
DST,,,PDC,progression_or_recurrence,,Diagnosis
DST,,,HTAN,progression_or_recurrence,,Diagnosis
DST,,,GDC,describes (Case),,Exposure
DST,,,PDC,Case,,Exposure
DST,,,GDC,describes (Case),,FamilyHistory
DST,,,PDC,Case,,FamilyHistory
DST,,,ICDC,,,file
DST,,,PDC,ENTITY,,File
DST,,,GDC,member_of (Program),,Project
DST,,,PDC,Program,,Project
DST,,,GDC,composition,,Sample
DST,,,PDC,composition,,Sample
DST,,,GDC,derived_from (Case),,ClinicalSupplement
DST,,,GDC,file_name,,BiospecimenSupplement
DST,,,CTDC,ctep_category,,case
DST,,,ICDC,breed,,demographic
DST,,,GDC,file_size,,ProteinExpression
DST,,,GDC,md5sum,,ProteinExpression
DST,,,GDC,platform,,ProteinExpression
DST,,,PDC,Program,,Protocol
DST,,,PDC,1d_chromatography_type,,Protocol
DST,,,GDC,library_selection,,ReadGroup
DST,,,GDC,library_strategy,,ReadGroup
DST,,,GDC,platform,,ReadGroup
DST,,,GDC,read_group_name,,ReadGroup
DST,,,GDC,read_length,,ReadGroup
DST,,,GDC,sequencing_center,,ReadGroup
DST,,,GDC,derived_from (Portion),,Slide
DST,,,GDC,derived_from (Sample),,Slide
DST,,,GDC,section_location,,Slide
DST,,,PDC,itraq_115,,StudyRunMetadata
DST,,,PDC,itraq_119,,StudyRunMetadata
DST,,,PDC,tmt_127c,,StudyRunMetadata
DST,,,PDC,tmt_127n,,StudyRunMetadata
DST,,,PDC,tmt_128c,,StudyRunMetadata
DST,,,PDC,tmt_128n,,StudyRunMetadata
DST,,,PDC,tmt_129c,,StudyRunMetadata
DST,,,,,,
DST,,,PDC,tmt_130c,,StudyRunMetadata
DST,,,GDC,derived_from (Analyte),,Aliquot
DST,,,PDC,aliquot_is_ref,,Aliquot
DST,,,PDC,pool,,Aliquot
DST,,,PDC,aliquot_run_metadata_id,,AliquotRunMetadata
DST,,,GDC,derived_from (Case),,BiospecimenSupplement
DST,,,GDC,data_category,,BiospecimenSupplement
DST,,,GDC,file_size,,BiospecimenSupplement
DST,,,GDC,md5sum,,BiospecimenSupplement
DST,,,ICDC,patient_id,,case
DST,,,PDC,pool,,Case
DST,,,CTDC,current_step,,case
DST,,,CTDC,ctep_subcategory,,case
DST,,,CTDC,meddra_code,,case
DST,,,GDC,center_type,,Center
DST,,,GDC,name,,Center
DST,,,GDC,namespace,,Center
DST,,,GDC,short_name,,Center
DST,,,GDC,data_category,,ClinicalSupplement
DST,,,GDC,file_name,,ClinicalSupplement
DST,,,GDC,file_size,,ClinicalSupplement
DST,,,GDC,md5sum,,ClinicalSupplement
DST,,,ICDC,neutered_indicator,,demographic
DST,,,ICDC,,,enrollment
DST,,,GDC,derived_from (ReadGroup),,ExperimentMetadata
DST,,,GDC,data_category,,ExperimentMetadata
DST,,,GDC,file_name,,ExperimentMetadata
DST,,,GDC,file_size,,ExperimentMetadata
DST,,,GDC,md5sum,,ExperimentMetadata
DST,,,PDC,access,,File
DST,,,ICDC,file_status,,file
DST,,,PDC,authority,,Gene
DST,,,PDC,description,,Gene
DST,,,PDC,gene_name,,Gene
DST,,,C2M2,name,,gene
DST,,,PDC,ncbi_gene_id,,Gene
DST,,,PDC,organism,,Gene
DST,,,PDC,proteins,,Gene
DST,,,PDC,Gene,,GeneAbundance
DST,,,PDC,Study,,GeneAbundance
DST,,,PDC,StudyRunMetadata,,GeneAbundance
DST,,,GDC,performed_at (FollowUp),,MolecularTest
DST,,,GDC,molecular_analysis_method,,MolecularTest
DST,,,HTAN,molecular_analysis_method,,Molecular Test
DST,,,GDC,test_result,,MolecularTest
DST,,,HTAN,test_result,,Molecular Test
DST,,,GDC,derived_from (Sample),,PathologyReport
DST,,,GDC,data_category,,PathologyReport
DST,,,GDC,file_name,,PathologyReport
DST,,,GDC,file_size,,PathologyReport
DST,,,GDC,md5sum,,PathologyReport
DST,,,GDC,dbgap_accession_number,,Program
DST,,,PDC,start_date,,Program
DST,,,ICDC,program_full_description,,program
DST,,,PDC,program_manager,,Program
DST,,,ICDC,program_short_description,,program
DST,,,GDC,dbgap_accession_number,,Project
DST,,,GDC,derived_from (Sample),,ProteinExpression
DST,,,GDC,derived_from (Portion),,ProteinExpression
DST,,,GDC,data_category,,ProteinExpression
DST,,,GDC,experimental_strategy,,ProteinExpression
DST,,,GDC,file_name,,ProteinExpression
DST,,,PDC,2d_chromatography_type,,Protocol
DST,,,PDC,acquistion_type,,Protocol
DST,,,PDC,alkylation_reagent,,Protocol
DST,,,PDC,chromatography_dimensions_count,,Protocol
DST,,,PDC,dia_multiplexing,,Protocol
DST,,,PDC,digestion_reagent,,Protocol
DST,,,PDC,dissociation_type,,Protocol
DST,,,PDC,document_name,,Protocol
DST,,,PDC,enrichment,,Protocol
DST,,,PDC,enrichment_strategy,,Protocol
DST,,,PDC,experiment_type,,Protocol
DST,,,PDC,fractions_analyzed_count,,Protocol
DST,,,PDC,instrument_make,,Protocol
DST,,,PDC,isobaric_labeling_reagent,,Protocol
DST,,,PDC,label_free_quantitation,,Protocol
DST,,,PDC,labeled_quantitation,,Protocol
DST,,,PDC,protocol_name,,Protocol
DST,,,PDC,quantitation_strategy,,Protocol
DST,,,PDC,reporter_ion_ms_level,,Protocol
DST,,,GDC,derived_from (Aliquot),,ReadGroup
DST,,,GDC,experiment_name,,ReadGroup
DST,,,GDC,is_paired_end,,ReadGroup
DST,,,GDC,library_name,,ReadGroup
DST,,,GDC,target_capture_kit,,ReadGroup
DST,,,GDC,data_category,,RunMetadata
DST,,,GDC,file_name,,RunMetadata
DST,,,GDC,file_size,,RunMetadata
DST,,,GDC,md5sum,,RunMetadata
DST,,,ICDC,sample_id,,sample
DST,,,ICDC,sample_site,,sample
DST,,,ICDC,physical_sample_type,,sample
DST,,,ICDC,general_sample_pathology,,sample
DST,,,ICDC,necropsy_sample,,sample
DST,,,ICDC,tumor_sample_origin,,sample
DST,,,PDC,pool,,Sample
DST,,,ICDC,specific_sample_pathology,,sample
DST,,,ICDC,sample_chronology,,sample
DST,,,ICDC,sample_preservation,,sample
DST,,,GDC,data_from (Slide),,SlideImage
DST,,,GDC,data_category,,SlideImage
DST,,,GDC,experimental_strategy,,SlideImage
DST,,,GDC,file_name,,SlideImage
DST,,,GDC,file_size,,SlideImage
DST,,,GDC,md5sum,,SlideImage
DST,,,ICDC,member_of(program),,study
DST,,,PDC,Project,,Study
DST,,,PDC,acquisition_type,,Study
DST,,,CTDC,lead_organization,,clinical_trial
DST,,,CTDC,dbgap_accession_number,,clinical_trial
DST,,,ICDC,accession_id,,study
DST,,,CTDC,arm_id,,arm
DST,,,CTDC,arm_target,,arm
DST,,,CTDC,arm_drug,,arm
DST,,,PDC,Protocol,,StudyRunMetadata
DST,,,PDC,Study,,StudyRunMetadata
DST,,,PDC,itraq_113,,StudyRunMetadata
DST,,,PDC,itraq_114,,StudyRunMetadata
DST,,,PDC,itraq_116,,StudyRunMetadata
DST,,,PDC,itraq_117,,StudyRunMetadata
DST,,,PDC,itraq_118,,StudyRunMetadata
DST,,,PDC,itraq_121,,StudyRunMetadata
DST,,,PDC,label_free,,StudyRunMetadata
DST,,,PDC,study_run_metadata_id,,StudyRunMetadata
DST,,,PDC,study_run_metadata_submitter_id,,StudyRunMetadata
DST,,,PDC,tmt_126,,StudyRunMetadata
DST,,,PDC,tmt_130n,,StudyRunMetadata
DST,,,PDC,tmt_131,,StudyRunMetadata
DST,,,PDC,tmt_131c,,StudyRunMetadata
DST,,,PDC,Study,,WorkflowMetadata
DST,,,ICDC,study_disposition,,study
DST,,,GDC,aliquot_volume,,Aliquot
DST,,,ICDC,,,adverse_event
DST,,,PDC,aliquot_volume,,Aliquot
DST,,,GDC,ENTITY,,FollowUp
DST,,,ICDC,,,follow_up
DST,,,PDC,ENTITY,,FollowUp
DST,,,GDC,analyte_type,,Aliquot
DST,,,PDC,analyte_type,,Aliquot
DST,,,CDA,analyte_type,,Specimen
DST,,,GDC,ajcc_clinical_t,,Diagnosis
DST,,,PDC,ajcc_clinical_t,,Diagnosis
DST,,,HTAN,ajcc_clinical_t,,Diagnosis
DST,,,GDC,ajcc_pathologic_m,,Diagnosis
DST,,,PDC,ajcc_pathologic_m,,Diagnosis
DST,,,HTAN,ajcc_pathologic_m,,Diagnosis
DST,,,mCODE,Has Member > TNM Distant Metastases Category,,Cancer Stage Group Profile
DST,,,GDC,ajcc_pathologic_n,,Diagnosis
DST,,,PDC,ajcc_pathologic_n,,Diagnosis
DST,,,CDA,hasDiseaseStaging,,Diagnosis
DST,,,HTAN,ajcc_pathologic_n,,Diagnosis
DST,,,mCODE,Has Member > TNM Regional Nodes Category,,Cancer Stage Group Profile
DST,,,GDC,ajcc_pathologic_t,,Diagnosis
DST,,,PDC,ajcc_pathologic_t,,Diagnosis
DST,,,HTAN,ajcc_pathologic_t,,Diagnosis
DST,,,GDC,year_of_birth,,Demographic
DST,,,IDC,Patient Study Module,Patient Age,DICOM
DST,,,PDC,year_of_birth,,Demographic
DST,,,HTAN,year_of_birth,,Demographics
DST,,,GDC,days_to_birth,,Demographic
DST,,,PDC,days_to_birth,,Demographic
DST,,,CDA,days_to_birth,,Patient
DST,,,GDC,id,,Diagnosis
DST,,,PDC,diagnosis_id,,Diagnosis
DST,,,CDA,dct:identifier,,Diagnosis
DST,,,GDC,diagnosis_pathologically_confirmed,,Sample
DST,,,PDC,diagnosis_pathologically_confirmed,,Sample
DST,,,CDA,disease? Histopathology?,,Specimen
DST,,,GDC,preservation_method,,Sample
DST,,,PDC,preservation_method,,Sample
DST,,,CDA,hasPreservationState,,Specimen
DST,,,GDC,days_to_comorbidity,,FollowUp
DST,,,PDC,days_to_comorbidity,,FollowUp
DST,,,HTAN,days_to_comorbidity,,Follow-Up
DST,,,GDC,days_to_recurrence,,FollowUp
DST,,,PDC,days_to_recurrence,,FollowUp
DST,,,CTDC,of_arm,,case
DST,,,ICDC,member_of(cohort),,case
DST,,,GDC,days_to_lost_to_followup,,Case
DST,,,PDC,days_to_lost_to_followup,,Case
DST,,,GDC,index_date,,Case
DST,,,PDC,index_date,,Case
DST,,,GDC,first_symptom_prior_to_diagnosis,,Diagnosis
DST,,,PDC,first_symptom_prior_to_diagnosis,,Diagnosis
DST,,,HTAN,first_symptom_prior_to_diagnosis,,Diagnosis
DST,,,GDC,gleason_grade_group,,Diagnosis
DST,,,PDC,gleason_grade_group,,Diagnosis
DST,,,HTAN,gleason_grade_group,,Diagnosis
DST,,,GDC,largest_extrapelvic_peritoneal_focus,,Diagnosis
DST,,,PDC,largest_extrapelvic_peritoneal_focus,,Diagnosis
DST,,,HTAN,largest_extrapelvic_peritoneal_focus,,Diagnosis
DST,,,GDC,peripancreatic_lymph_nodes_positive,,Diagnosis
DST,,,PDC,peripancreatic_lymph_nodes_positive,,Diagnosis
DST,,,HTAN,peripancreatic_lymph_nodes_positive,,Diagnosis
DST,,,GDC,peripancreatic_lymph_nodes_tested,,Diagnosis
DST,,,PDC,peripancreatic_lymph_nodes_tested,,Diagnosis
DST,,,HTAN,peripancreatic_lymph_nodes_tested,,Diagnosis
DST,,,GDC,peritoneal_fluid_cytological_status,,Diagnosis
DST,,,PDC,peritoneal_fluid_cytological_status,,Diagnosis
DST,,,HTAN,peritoneal_fluid_cytological_status,,Diagnosis
DST,,,GDC,primary_gleason_grade,,Diagnosis
DST,,,PDC,primary_gleason_grade,,Diagnosis
DST,,,HTAN,primary_gleason_grade,,Diagnosis
DST,,,GDC,prior_malignancy,,Diagnosis
DST,,,PDC,prior_malignancy,,Diagnosis
DST,,,HTAN,prior_malignancy,,Diagnosis
DST,,,GDC,describes (Diagnosis),,FollowUp
DST,,,PDC,Diagnosis,,FollowUp
DST,,,GDC,bmi,,FollowUp
DST,,,PDC,bmi,,FollowUp
DST,,,HTAN,bmi,,Follow-Up
DST,,,GDC,cause_of_response,,FollowUp
DST,,,PDC,cause_of_response,,FollowUp
DST,,,HTAN,cause_of_response,,Follow-Up
DST,,,GDC,comorbidity_method_of_diagnosis,,FollowUp
DST,,,PDC,comorbidity_method_of_diagnosis,,FollowUp
DST,,,HTAN,comorbidity_method_of_diagnosis,,Follow-Up
DST,,,GDC,diabetes_treatment_type,,FollowUp
DST,,,PDC,diabetes_treatment_type,,FollowUp
DST,,,HTAN,diabetes_treatment_type,,Follow-Up
DST,,,GDC,biospecimen_laterality,,Sample
DST,,,PDC,biospecimen_laterality,,Sample
DST,,,GDC,pathology_report_uuid,,Sample
DST,,,PDC,pathology_report_uuid,,Sample
DST,,,GDC,ENTITY,,Aliquot
DST,,,PDC,ENTITY,,Aliquot
DST,,,GDC,aliquot_quantity,,Aliquot
DST,,,PDC,aliquot_quantity,,Aliquot
DST,,,GDC,amount,,Aliquot
DST,,,PDC,amount,,Aliquot
DST,,,GDC,analyte_type_id,,Aliquot
DST,,,PDC,analyte_type_id,,Aliquot
DST,,,GDC,concentration,,Aliquot
DST,,,PDC,concentration,,Aliquot
DST,,,GDC,ENTITY,,Analyte
DST,,,PDC,ENTITY,,Analyte
DST,,,GDC,a260_a280_ratio,,Analyte
DST,,,PDC,a260_a280_ratio,,Analyte
DST,,,GDC,id,,Analyte
DST,,,PDC,analyte_id,,Analyte
DST,,,GDC,submitter_id,,Analyte
DST,,,PDC,analyte_submitter_id,,Analyte
DST,,,GDC,amount,,Analyte
DST,,,PDC,amount,,Analyte
DST,,,GDC,analyte_quantity,,Analyte
DST,,,PDC,analyte_quantity,,Analyte
DST,,,GDC,analyte_type_id,,Analyte
DST,,,PDC,analyte_type_id,,Analyte
DST,,,GDC,analyte_volume,,Analyte
DST,,,PDC,analyte_volume,,Analyte
DST,,,GDC,concentration,,Analyte
DST,,,PDC,concentration,,Analyte
DST,,,GDC,normal_tumor_genotype_snp_match,,Analyte
DST,,,PDC,normal_tumor_genotype_snp_match,,Analyte
DST,,,GDC,ribosomal_rna_28s_16s_ratio,,Analyte
DST,,,PDC,ribosomal_rna_28s_16s_ratio,,Analyte
DST,,,GDC,spectrophotometer_method,,Analyte
DST,,,PDC,spectrophotometer_method,,Analyte
DST,,,GDC,well_number,,Analyte
DST,,,PDC,well_number,,Analyte
DST,,,GDC,ref:GDC:ubiquitous_properties,,Case
DST,,,PDC,tissue_source_site_code,,Case
DST,,,ICDC,member_of(study_arm),,cohort
DST,,,GDC,age_at_index,,Demographic
DST,,,PDC,age_at_index,,Demographic
DST,,,GDC,age_is_obfuscated,,Demographic
DST,,,PDC,age_is_obfuscated,,Demographic
DST,,,HTAN,age_is_obfuscated,,Demographics
DST,,,GDC,cause_of_death,,Demographic
DST,,,PDC,cause_of_death,,Demographic
DST,,,HTAN,cause_of_death,,Demographics
DST,,,GDC,cause_of_death_source,,Demographic
DST,,,PDC,cause_of_death_source,,Demographic
DST,,,HTAN,cause_of_death_source,,Demographics
DST,,,GDC,days_to_death,,Demographic
DST,,,PDC,days_to_death,,Demographic
DST,,,HTAN,days_to_death,,Demographics
DST,,,GDC,id,,Demographic
DST,,,PDC,demographic_id,,Demographic
DST,,,GDC,submitter_id,,Demographic
DST,,,PDC,demographic_submitter_id,,Demographic
DST,,,GDC,occupation_duration_years,,Demographic
DST,,,PDC,occupation_duration_years,,Demographic
DST,,,HTAN,occupation_duration_years,,Demographics
DST,,,GDC,premature_at_birth,,Demographic
DST,,,PDC,premature_at_birth,,Demographic
DST,,,HTAN,premature_at_birth,,Demographics
DST,,,GDC,weeks_gestation_at_birth,,Demographic
DST,,,PDC,weeks_gestation_at_birth,,Demographic
DST,,,HTAN,weeks_gestation_at_birth,,Demographics
DST,,,GDC,year_of_death,,Demographic
DST,,,PDC,year_of_death,,Demographic
DST,,,HTAN,year_of_death,,Demographics
DST,,,GDC,ajcc_clinical_m,,Diagnosis
DST,,,PDC,ajcc_clinical_m,,Diagnosis
DST,,,HTAN,ajcc_clinical_m,,Diagnosis
DST,,,GDC,ajcc_clinical_n,,Diagnosis
DST,,,PDC,ajcc_clinical_n,,Diagnosis
DST,,,HTAN,ajcc_clinical_n,,Diagnosis
DST,,,GDC,ajcc_staging_system_edition,,Diagnosis
DST,,,PDC,ajcc_staging_system_edition,,Diagnosis
DST,,,HTAN,ajcc_staging_system_edition,,Diagnosis
DST,,,GDC,anaplasia_present,,Diagnosis
DST,,,PDC,anaplasia_present,,Diagnosis
DST,,,HTAN,anaplasia_present,,Diagnosis
DST,,,GDC,anaplasia_present_type,,Diagnosis
DST,,,PDC,anaplasia_present_type,,Diagnosis
DST,,,HTAN,anaplasia_present_type,,Diagnosis
DST,,,GDC,ann_arbor_b_symptoms,,Diagnosis
DST,,,PDC,ann_arbor_b_symptoms,,Diagnosis
DST,,,HTAN,ann_arbor_b_symptoms,,Diagnosis
DST,,,GDC,ann_arbor_extranodal_involvement,,Diagnosis
DST,,,PDC,ann_arbor_extranodal_involvement,,Diagnosis
DST,,,HTAN,ann_arbor_extranodal_involvement,,Diagnosis
DST,,,GDC,best_overall_response,,Diagnosis
DST,,,PDC,best_overall_response,,Diagnosis
DST,,,HTAN,best_overall_response,,Diagnosis
DST,,,GDC,breslow_thickness,,Diagnosis
DST,,,PDC,breslow_thickness,,Diagnosis
DST,,,HTAN,breslow_thickness,,Diagnosis
DST,,,GDC,burkitt_lymphoma_clinical_variant,,Diagnosis
DST,,,PDC,burkitt_lymphoma_clinical_variant,,Diagnosis
DST,,,HTAN,burkitt_lymphoma_clinical_variant,,Diagnosis
DST,,,GDC,child_pugh_classification,,Diagnosis
DST,,,PDC,child_pugh_classification,,Diagnosis
DST,,,HTAN,child_pugh_classification,,Diagnosis
DST,,,GDC,circumferential_resection_margin,,Diagnosis
DST,,,PDC,circumferential_resection_margin,,Diagnosis
DST,,,HTAN,circumferential_resection_margin,,Diagnosis
DST,,,GDC,classification_of_tumor,,Diagnosis
DST,,,PDC,classification_of_tumor,,Diagnosis
DST,,,HTAN,classification_of_tumor,,Diagnosis
DST,,,GDC,cog_neuroblastoma_risk_group,,Diagnosis
DST,,,PDC,cog_neuroblastoma_risk_group,,Diagnosis
DST,,,HTAN,cog_neuroblastoma_risk_group,,Diagnosis
DST,,,GDC,cog_rhabdomyosarcoma_risk_group,,Diagnosis
DST,,,PDC,cog_rhabdomyosarcoma_risk_group,,Diagnosis
DST,,,HTAN,cog_rhabdomyosarcoma_risk_group,,Diagnosis
DST,,,GDC,year_of_diagnosis,,Diagnosis
DST,,,PDC,year_of_diagnosis,,Diagnosis
DST,,,HTAN,year_of_diagnosis,,Diagnosis
DST,,,GDC,days_to_diagnosis,,Diagnosis
DST,,,PDC,days_to_diagnosis,,Diagnosis
DST,,,HTAN,days_to_diagnosis,,Diagnosis
DST,,,GDC,days_to_best_overall_response,,Diagnosis
DST,,,PDC,days_to_best_overall_response,,Diagnosis
DST,,,GDC,submitter_id,,Diagnosis
DST,,,PDC,diagnosis_submitter_id,,Diagnosis
DST,,,GDC,enneking_msts_grade,,Diagnosis
DST,,,PDC,enneking_msts_grade,,Diagnosis
DST,,,HTAN,enneking_msts_grade,,Diagnosis
DST,,,GDC,enneking_msts_metastasis,,Diagnosis
DST,,,PDC,enneking_msts_metastasis,,Diagnosis
DST,,,HTAN,enneking_msts_metastasis,,Diagnosis
DST,,,GDC,enneking_msts_tumor_site,,Diagnosis
DST,,,PDC,enneking_msts_tumor_site,,Diagnosis
DST,,,HTAN,enneking_msts_tumor_site,,Diagnosis
DST,,,GDC,esophageal_columnar_dysplasia_degree,,Diagnosis
DST,,,PDC,esophageal_columnar_dysplasia_degree,,Diagnosis
DST,,,HTAN,esophageal_columnar_dysplasia_degree,,Diagnosis
DST,,,GDC,esophageal_columnar_metaplasia_present,,Diagnosis
DST,,,PDC,esophageal_columnar_metaplasia_present,,Diagnosis
DST,,,HTAN,esophageal_columnar_metaplasia_present,,Diagnosis
DST,,,GDC,gastric_esophageal_junction_involvement,,Diagnosis
DST,,,PDC,gastric_esophageal_junction_involvement,,Diagnosis
DST,,,HTAN,gastric_esophageal_junction_involvement,,Diagnosis
DST,,,GDC,goblet_cells_columnar_mucosa_present,,Diagnosis
DST,,,PDC,goblet_cells_columnar_mucosa_present,,Diagnosis
DST,,,HTAN,goblet_cells_columnar_mucosa_present,,Diagnosis
DST,,,GDC,gross_tumor_weight,,Diagnosis
DST,,,PDC,gross_tumor_weight,,Diagnosis
DST,,,HTAN,gross_tumor_weight,,Diagnosis
DST,,,GDC,inpc_grade,,Diagnosis
DST,,,PDC,inpc_grade,,Diagnosis
DST,,,HTAN,inpc_grade,,Diagnosis
DST,,,GDC,inpc_histologic_group,,Diagnosis
DST,,,PDC,inpc_histologic_group,,Diagnosis
DST,,,HTAN,inpc_histologic_group,,Diagnosis
DST,,,GDC,international_prognostic_index,,Diagnosis
DST,,,PDC,international_prognostic_index,,Diagnosis
DST,,,HTAN,international_prognostic_index,,Diagnosis
DST,,,GDC,irs_group,,Diagnosis
DST,,,PDC,irs_group,,Diagnosis
DST,,,HTAN,irs_group,,Diagnosis
DST,,,GDC,ishak_fibrosis_score,,Diagnosis
DST,,,PDC,ishak_fibrosis_score,,Diagnosis
DST,,,HTAN,ishak_fibrosis_score,,Diagnosis
DST,,,GDC,laterality,,Diagnosis
DST,,,PDC,laterality,,Diagnosis
DST,,,HTAN,laterality,,Diagnosis
DST,,,GDC,lymph_nodes_positive,,Diagnosis
DST,,,PDC,lymph_nodes_positive,,Diagnosis
DST,,,HTAN,lymph_nodes_positive,,Diagnosis
DST,,,GDC,lymph_nodes_tested,,Diagnosis
DST,,,PDC,lymph_nodes_tested,,Diagnosis
DST,,,HTAN,lymph_nodes_tested,,Diagnosis
DST,,,GDC,lymphatic_invasion_present,,Diagnosis
DST,,,PDC,lymphatic_invasion_present,,Diagnosis
DST,,,HTAN,lymphatic_invasion_present,,Diagnosis
DST,,,GDC,medulloblastoma_molecular_classification,,Diagnosis
DST,,,PDC,medulloblastoma_molecular_classification,,Diagnosis
DST,,,HTAN,medulloblastoma_molecular_classification,,Diagnosis
DST,,,GDC,metastasis_at_diagnosis,,Diagnosis
DST,,,PDC,metastasis_at_diagnosis,,Diagnosis
DST,,,HTAN,metastasis_at_diagnosis,,Diagnosis
DST,,,GDC,metastasis_at_diagnosis_site,,Diagnosis
DST,,,PDC,metastasis_at_diagnosis_site,,Diagnosis
DST,,,HTAN,metastasis_at_diagnosis_site,,Diagnosis
DST,,,GDC,method_of_diagnosis,,Diagnosis
DST,,,PDC,method_of_diagnosis,,Diagnosis
DST,,,HTAN,method_of_diagnosis,,Diagnosis
DST,,,GDC,micropapillary_features,,Diagnosis
DST,,,PDC,micropapillary_features,,Diagnosis
DST,,,HTAN,micropapillary_features,,Diagnosis
DST,,,GDC,mitosis_karyorrhexis_index,,Diagnosis
DST,,,PDC,mitosis_karyorrhexis_index,,Diagnosis
DST,,,HTAN,mitosis_karyorrhexis_index,,Diagnosis
DST,,,GDC,mitotic_count,,Diagnosis
DST,,,PDC,mitotic_count,,Diagnosis
DST,,,HTAN,mitotic_count,,Diagnosis
DST,,,GDC,non_nodal_regional_disease,,Diagnosis
DST,,,PDC,non_nodal_regional_disease,,Diagnosis
DST,,,HTAN,non_nodal_regional_disease,,Diagnosis
DST,,,GDC,non_nodal_tumor_deposits,,Diagnosis
DST,,,PDC,non_nodal_tumor_deposits,,Diagnosis
DST,,,HTAN,non_nodal_tumor_deposits,,Diagnosis
DST,,,GDC,ovarian_specimen_status,,Diagnosis
DST,,,PDC,ovarian_specimen_status,,Diagnosis
DST,,,HTAN,ovarian_specimen_status,,Diagnosis
DST,,,GDC,ovarian_surface_involvement,,Diagnosis
DST,,,PDC,ovarian_surface_involvement,,Diagnosis
DST,,,HTAN,ovarian_surface_involvement,,Diagnosis
DST,,,GDC,percent_tumor_invasion,,Diagnosis
DST,,,PDC,percent_tumor_invasion,,Diagnosis
DST,,,HTAN,percent_tumor_invasion,,Diagnosis
DST,,,GDC,perineural_invasion_present,,Diagnosis
DST,,,PDC,perineural_invasion_present,,Diagnosis
DST,,,HTAN,perineural_invasion_present,,Diagnosis
DST,,,GDC,prior_treatment,,Diagnosis
DST,,,PDC,prior_treatment,,Diagnosis
DST,,,HTAN,prior_treatment,,Diagnosis
DST,,,GDC,residual_disease,,Diagnosis
DST,,,PDC,residual_disease,,Diagnosis
DST,,,HTAN,residual_disease,,Diagnosis
DST,,,GDC,secondary_gleason_grade,,Diagnosis
DST,,,PDC,secondary_gleason_grade,,Diagnosis
DST,,,HTAN,secondary_gleason_grade,,Diagnosis
DST,,,GDC,supratentorial_localization,,Diagnosis
DST,,,PDC,supratentorial_localization,,Diagnosis
DST,,,HTAN,supratentorial_localization,,Diagnosis
DST,,,GDC,synchronous_malignancy,,Diagnosis
DST,,,PDC,synchronous_malignancy,,Diagnosis
DST,,,HTAN,synchronous_malignancy,,Diagnosis
DST,,,GDC,tumor_confined_to_organ_of_origin,,Diagnosis
DST,,,PDC,tumor_confined_to_organ_of_origin,,Diagnosis
DST,,,HTAN,tumor_confined_to_organ_of_origin,,Diagnosis
DST,,,GDC,tumor_focality,,Diagnosis
DST,,,PDC,tumor_focality,,Diagnosis
DST,,,HTAN,tumor_focality,,Diagnosis
DST,,,GDC,tumor_largest_dimension_diameter,,Diagnosis
DST,,,PDC,tumor_largest_dimension_diameter,,Diagnosis
DST,,,GDC,tumor_regression_grade,,Diagnosis
DST,,,PDC,tumor_regression_grade,,Diagnosis
DST,,,HTAN,tumor_regression_grade,,Diagnosis
DST,,,GDC,vascular_invasion_present,,Diagnosis
DST,,,PDC,vascular_invasion_present,,Diagnosis
DST,,,HTAN,vascular_invasion_present,,Diagnosis
DST,,,GDC,vascular_invasion_type,,Diagnosis
DST,,,PDC,vascular_invasion_type,,Diagnosis
DST,,,HTAN,vascular_invasion_type,,Diagnosis
DST,,,GDC,weiss_assessment_score,,Diagnosis
DST,,,PDC,weiss_assessment_score,,Diagnosis
DST,,,HTAN,weiss_assessment_score,,Diagnosis
DST,,,GDC,wilms_tumor_histologic_subtype,,Diagnosis
DST,,,PDC,wilms_tumor_histologic_subtype,,Diagnosis
DST,,,HTAN,wilms_tumor_histologic_subtype,,Diagnosis
DST,,,CTDC,extent_of_disease,,case
DST,,,ICDC,,,disease_extent
DST,,,GDC,ENTITY,,Exposure
DST,,,PDC,ENTITY,,Exposure
DST,,,GDC,alcohol_days_per_week,,Exposure
DST,,,PDC,alcohol_days_per_week,,Exposure
DST,,,HTAN,alcohol_days_per_week,,Exposure
DST,,,GDC,alcohol_drinks_per_day,,Exposure
DST,,,PDC,alcohol_drinks_per_day,,Exposure
DST,,,HTAN,alcohol_drinks_per_day,,Exposure
DST,,,GDC,alcohol_intensity,,Exposure
DST,,,PDC,alcohol_intensity,,Exposure
DST,,,HTAN,alcohol_intensity,,Exposure
DST,,,GDC,cigarettes_per_day,,Exposure
DST,,,PDC,cigarettes_per_day,,Exposure
DST,,,HTAN,cigarettes_per_day,,Exposure
DST,,,GDC,id,,Exposure
DST,,,PDC,id,,Exposure
DST,,,GDC,pack_years_smoked,,Exposure
DST,,,PDC,pack_years_smoked,,Exposure
DST,,,HTAN,pack_years_smoked,,Exposure
DST,,,GDC,project_id,,Exposure
DST,,,PDC,project_id,,Exposure
DST,,,GDC,smoking_frequency,,Exposure
DST,,,PDC,smoking_frequency,,Exposure
DST,,,HTAN,smoking_frequency,,Exposure
DST,,,GDC,submitter_id,,Exposure
DST,,,PDC,submitter_id,,Exposure
DST,,,GDC,time_between_waking_and_first_smoke,,Exposure
DST,,,PDC,time_between_waking_and_first_smoke,,Exposure
DST,,,HTAN,time_between_waking_and_first_smoke,,Exposure
DST,,,GDC,tobacco_smoking_onset_year,,Exposure
DST,,,PDC,tobacco_smoking_onset_year,,Exposure
DST,,,HTAN,tobacco_smoking_onset_year,,Exposure
DST,,,GDC,tobacco_smoking_quit_year,,Exposure
DST,,,PDC,tobacco_smoking_quit_year,,Exposure
DST,,,HTAN,tobacco_smoking_quit_year,,Exposure
DST,,,GDC,tobacco_smoking_status,,Exposure
DST,,,PDC,tobacco_smoking_status,,Exposure
DST,,,HTAN,tobacco_smoking_status,,Exposure
DST,,,GDC,type_of_smoke_exposure,,Exposure
DST,,,PDC,type_of_smoke_exposure,,Exposure
DST,,,GDC,type_of_tobacco_used,,Exposure
DST,,,PDC,type_of_tobacco_used,,Exposure
DST,,,HTAN,type_of_tobacco_used,,Exposure
DST,,,GDC,years_smoked,,Exposure
DST,,,PDC,years_smoked,,Exposure
DST,,,HTAN,years_smoked,,Exposure
DST,,,GDC desc,,,ENTITY
DST,,,PDC desc,,,ENTITY
DST,,,GDC,id,,FamilyHistory
DST,,,PDC,id,,FamilyHistory
DST,,,GDC,relationship_age_at_diagnosis,,FamilyHistory
DST,,,PDC,relationship_age_at_diagnosis,,FamilyHistory
DST,,,HTAN,relationship_age_at_diagnosis,,Family History
DST,,,GDC,relationship_gender,,FamilyHistory
DST,,,PDC,relationship_gender,,FamilyHistory
DST,,,HTAN,relationship_gender,,Family History
DST,,,GDC,relationship_primary_diagnosis,,FamilyHistory
DST,,,PDC,relationship_primary_diagnosis,,FamilyHistory
DST,,,HTAN,relationship_primary_diagnosis,,Family History
DST,,,GDC,relationship_type,,FamilyHistory
DST,,,PDC,relationship_type,,FamilyHistory
DST,,,HTAN,relationship_type,,Family History
DST,,,GDC,relative_with_cancer_history,,FamilyHistory
DST,,,PDC,relative_with_cancer_history,,FamilyHistory
DST,,,HTAN,relative_with_cancer_history,,Family History
DST,,,GDC,relatives_with_cancer_history_count,,FamilyHistory
DST,,,PDC,relatives_with_cancer_history_count,,FamilyHistory
DST,,,HTAN,relatives_with_cancer_history_count,,Family History
DST,,,GDC,submitter_id,,FamilyHistory
DST,,,PDC,submitter_id,,FamilyHistory
DST,,,GDC,adverse_event,,FollowUp
DST,,,PDC,adverse_event,,FollowUp
DST,,,HTAN,adverse_event,,Follow-Up
DST,,,GDC,barretts_esophagus_goblet_cells_present,,FollowUp
DST,,,PDC,barretts_esophagus_goblet_cells_present,,FollowUp
DST,,,HTAN,barretts_esophagus_goblet_cells_present,,Follow-Up
DST,,,GDC,comorbidity,,FollowUp
DST,,,PDC,comorbidity,,FollowUp
DST,,,HTAN,comorbidity,,Follow-Up
DST,,,GDC,days_to_adverse_event,,FollowUp
DST,,,PDC,days_to_adverse_event,,FollowUp
DST,,,HTAN,days_to_adverse_event,,Follow-Up
DST,,,GDC,days_to_progression_free,,FollowUp
DST,,,PDC,days_to_progression_free,,FollowUp
DST,,,HTAN,days_to_progression_free,,Follow-Up
DST,,,GDC,disease_response,,FollowUp
DST,,,PDC,disease_response,,FollowUp
DST,,,HTAN,disease_response,,Follow-Up
DST,,,GDC,dlco_ref_predictive_percent,,FollowUp
DST,,,PDC,dlco_ref_predictive_percent,,FollowUp
DST,,,HTAN,dlco_ref_predictive_percent,,Follow-Up
DST,,,GDC,ecog_performance_status,,FollowUp
DST,,,PDC,ecog_performance_status,,FollowUp
DST,,,HTAN,ecog_performance_status,,Follow-Up
DST,,,GDC,fev1_fvc_post_bronch_percent,,FollowUp
DST,,,PDC,fev1_fvc_post_bronch_percent,,FollowUp
DST,,,HTAN,fev1_fvc_post_bronch_percent,,Follow-Up
DST,,,GDC,fev1_fvc_pre_bronch_percent,,FollowUp
DST,,,PDC,fev1_fvc_pre_bronch_percent,,FollowUp
DST,,,HTAN,fev1_fvc_pre_bronch_percent,,Follow-Up
DST,,,GDC,fev1_ref_post_bronch_percent,,FollowUp
DST,,,PDC,fev1_ref_post_bronch_percent,,FollowUp
DST,,,HTAN,fev1_ref_post_bronch_percent,,Follow-Up
DST,,,GDC,fev1_ref_pre_bronch_percent,,FollowUp
DST,,,PDC,fev1_ref_pre_bronch_percent,,FollowUp
DST,,,HTAN,fev1_ref_pre_bronch_percent,,Follow-Up
DST,,,GDC,height,,FollowUp
DST,,,PDC,height,,FollowUp
DST,,,HTAN,height,,Follow-Up
DST,,,GDC,hepatitis_sustained_virological_response,,FollowUp
DST,,,PDC,hepatitis_sustained_virological_response,,FollowUp
DST,,,HTAN,hepatitis_sustained_virological_response,,Follow-Up
DST,,,GDC,hpv_positive_type,,FollowUp
DST,,,PDC,hpv_positive_type,,FollowUp
DST,,,HTAN,hpv_positive_type,,Follow-Up
DST,,,GDC,id,,FollowUp
DST,,,PDC,id,,FollowUp
DST,,,GDC,karnofsky_performance_status,,FollowUp
DST,,,PDC,karnofsky_performance_status,,FollowUp
DST,,,HTAN,karnofsky_performance_status,,Follow-Up
DST,,,GDC,menopause_status,,FollowUp
DST,,,PDC,menopause_status,,FollowUp
DST,,,HTAN,menopause_status,,Follow-Up
DST,,,GDC,pancreatitis_onset_year,,FollowUp
DST,,,PDC,pancreatitis_onset_year,,FollowUp
DST,,,HTAN,pancreatitis_onset_year,,Follow-Up
DST,,,GDC,progression_or_recurrence,,FollowUp
DST,,,PDC,progression_or_recurrence,,FollowUp
DST,,,HTAN,progression_or_recurrence,,Follow-Up
DST,,,GDC,progression_or_recurrence_anatomic_site,,FollowUp
DST,,,PDC,progression_or_recurrence_anatomic_site,,FollowUp
DST,,,HTAN,progression_or_recurrence_anatomic_site,,Follow-Up
DST,,,GDC,progression_or_recurrence_type,,FollowUp
DST,,,PDC,progression_or_recurrence_type,,FollowUp
DST,,,HTAN,progression_or_recurrence_type,,Follow-Up
DST,,,GDC,reflux_treatment_type,,FollowUp
DST,,,PDC,reflux_treatment_type,,FollowUp
DST,,,HTAN,reflux_treatment_type,,Follow-Up
DST,,,GDC,risk_factor,,FollowUp
DST,,,PDC,risk_factor,,FollowUp
DST,,,HTAN,risk_factor,,Follow-Up
DST,,,GDC,risk_factor_treatment,,FollowUp
DST,,,PDC,risk_factor_treatment,,FollowUp
DST,,,HTAN,risk_factor_treatment,,Follow-Up
DST,,,GDC,submitter_id,,FollowUp
DST,,,PDC,submitter_id,,FollowUp
DST,,,GDC,viral_hepatitis_serologies,,FollowUp
DST,,,PDC,viral_hepatitis_serologies,,FollowUp
DST,,,HTAN,viral_hepatitis_serologies,,Follow-Up
DST,,,GDC,weight,,FollowUp
DST,,,PDC,weight,,FollowUp
DST,,,HTAN,weight,,Follow-Up
DST,,,GDC,ENTITY,,Portion
DST,,,PDC,ENTITY,,Portion
DST,,,GDC,creation_datetime,,Portion
DST,,,PDC,creation_datetime,,Portion
DST,,,GDC,id,,Portion
DST,,,PDC,portion_id,,Portion
DST,,,GDC,is_ffpe,,Portion
DST,,,PDC,is_ffpe,,Portion
DST,,,GDC,portion_number,,Portion
DST,,,PDC,portion_number,,Portion
DST,,,GDC,submitter_id,,Portion
DST,,,PDC,portion_submitter_id,,Portion
DST,,,GDC,weight,,Portion
DST,,,PDC,weight,,Portion
DST,,,CTDC,prior_drugs,,case
DST,,,ICDC,,,prior_therapy
DST,,,GDC,ENTITY,,Project
DST,,,PDC,ENTITY,,Project
DST,,,GDC,processed_at (TissueSourceSite),,Sample
DST,,,GDC,related_to (Diagnosis),,Sample
DST,,,GDC,catalog_reference,,Sample
DST,,,PDC,catalog_reference,,Sample
DST,,,GDC,current_weight,,Sample
DST,,,PDC,current_weight,,Sample
DST,,,GDC,initial_weight,,Sample
DST,,,PDC,initial_weight,,Sample
DST,,,GDC,days_to_sample_procurement,,Sample
DST,,,PDC,days_to_sample_procurement,,Sample
DST,,,GDC,sample_type_id,,Sample
DST,,,PDC,sample_type_id,,Sample
DST,,,GDC,distance_normal_to_tumor,,Sample
DST,,,PDC,distance_normal_to_tumor,,Sample
DST,,,GDC,distributor_reference,,Sample
DST,,,PDC,distributor_reference,,Sample
DST,,,GDC,freezing_method,,Sample
DST,,,PDC,freezing_method,,Sample
DST,,,GDC,growth_rate,,Sample
DST,,,PDC,growth_rate,,Sample
DST,,,GDC,intermediate_dimension,,Sample
DST,,,PDC,intermediate_dimension,,Sample
DST,,,GDC,is_ffpe,,Sample
DST,,,PDC,is_ffpe,,Sample
DST,,,GDC,method_of_sample_procurement,,Sample
DST,,,PDC,method_of_sample_procurement,,Sample
DST,,,GDC,oct_embedded,,Sample
DST,,,PDC,oct_embedded,,Sample
DST,,,GDC,passage_count,,Sample
DST,,,PDC,passage_count,,Sample
DST,,,GDC,submitter_id,,Sample
DST,,,PDC,sample_submitter,,Sample
DST,,,GDC,time_between_clamping_and_freezing,,Sample
DST,,,PDC,time_between_clamping_and_freezing,,Sample
DST,,,GDC,time_between_excision_and_freezing,,Sample
DST,,,PDC,time_between_excision_and_freezing,,Sample
DST,,,GDC,tumor_code,,Sample
DST,,,PDC,tumor_code,,Sample
DST,,,GDC,tumor_code_id,,Sample
DST,,,PDC,tumor_code_id,,Sample
DST,,,GDC,tumor_descriptor,,Sample
DST,,,PDC,tumor_descriptor,,Sample
DST,,,CTDC,ENTITY,,arm
DST,,,ICDC,,,study_arm
DST,,,CTDC,of_trial,,arm
DST,,,ICDC,member_of(study),,study_arm
DST,,,GDC,ENTITY,,Treatment
DST,,,PDC,ENTITY,,Treatment
DST,,,GDC,days_to_treatment_end,,Treatment
DST,,,PDC,days_to_treatment_end,,Treatment
DST,,,HTAN,days_to_treatment_end,,Treatment
DST,,,GDC,days_to_treatment_start,,Treatment
DST,,,PDC,days_to_treatment_start,,Treatment
DST,,,HTAN,days_to_treatment_start,,Treatment
DST,,,GDC,id,,Treatment
DST,,,PDC,id,,Treatment
DST,,,GDC,initial_disease_status,,Treatment
DST,,,PDC,initial_disease_status,,Treatment
DST,,,HTAN,initial_disease_status,,Treatment
DST,,,GDC,regimen_or_line_of_therapy,,Treatment
DST,,,PDC,regimen_or_line_of_therapy,,Treatment
DST,,,HTAN,regimen_or_line_of_therapy,,Treatment
DST,,,GDC,submitter_id,,Treatment
DST,,,PDC,submitter_id,,Treatment
DST,,,GDC,therapeutic_agents,,Treatment
DST,,,PDC,therapeutic_agents,,Treatment
DST,,,HTAN,therapeutic_agents,,Treatment
DST,,,GDC,treatment_anatomic_site,,Treatment
DST,,,PDC,treatment_anatomic_site,,Treatment
DST,,,HTAN,treatment_anatomic_site,,Treatment
DST,,,GDC,treatment_effect,,Treatment
DST,,,PDC,treatment_effect,,Treatment
DST,,,HTAN,treatment_effect,,Treatment
DST,,,GDC,treatment_intent_type,,Treatment
DST,,,PDC,treatment_intent_type,,Treatment
DST,,,HTAN,treatment_intent_type,,Treatment
DST,,,mCODE,Treatment Intent,,Cancer-Related Medication Administration Profile
DST,,,GDC,treatment_or_therapy,,Treatment
DST,,,PDC,treatment_or_therapy,,Treatment
DST,,,HTAN,treatment_or_therapy,,Treatment
DST,,,GDC,treatment_outcome,,Treatment
DST,,,PDC,treatment_outcome,,Treatment
DST,,,HTAN,treatment_outcome,,Treatment
DST,,,GDC,treatment_type,,Treatment
DST,,,PDC,treatment_type,,Treatment
DST,,,HTAN,treatment_type,,Treatment
DST,,,ICDC,member_of(study),,case
DST,,,CDA,dct:identifier,,ResearchSubject
DST,,,ICDC,date_of_sample_collection,,Sample
DST,,,CDA,hasDateCollected,,Specimen
DST,,,IDC,Patient Study Module,Patient's Size,DICOM
DST,,,PDC,height,,Exposure
DST,,,IDC,Patient Study Module,Patient's Weight,DICOM
DST,,,PDC,weight,,Exposure
DST,,,IDC,General Series Module,StudyDate,DICOM
DST,,,PDC,protocol_date,,Protocol
DST,,,PDC,case_is_ref,,Case
DST,,,CDA,hasCrossReference,,Patient
DST,,,GDC,icd_10,,Clinical
DST,,,CDA,hasDisease?     [OntologyReference],,Patient
DST,,,ICDC,date_of_birth,,Demographic
DST,,,mCODE,Birth Date,,Cancer Patient Profile
DST,,,PDC,days_to_birth,,Diagnosis
DST,,,GDC,ENTITY,,MolecularTest
DST,,,CDA,rdfs:label,,SingleCell
DST,,,GDC,id,,MolecularTest
DST,,,CDA,dct:identifier,,SingleCell
DST,,,PDC,publication_id,,Publication
DST,,,CDA,hasOriginalPublication,,Dataset
DST,,,PDC,title,,Publication
DST,,,CDA,dc:title,,Dataset
DST,,,GDC,ref:GDC:ubiquitous_properties,,Clinical
DST,,,PDC,analytical_fraction,,Study
DST,,,GDC,processed_at (TissueSourceSite),,Case
DST,,,PDC,external_case_id,,Case
DST,,,GDC,id,,Clinical
DST,,,GDC,vital_status,,Clinical
DST,,,GDC,year_of_diagnosis,,Clinical
DST,,,ICDC,follow_up_data,,Diagnosis
DST,,,GDC,submitter_id,,ExperimentMetadata
DST,,,ICDC,contact_type,,follow_up
DST,,,ICDC,crf_id,,follow_up
DST,,,ICDC,date_of_last_contact,,follow_up
DST,,,GDC,days_to_progression,,FollowUp
DST,,,HTAN,days_to_progression,,Follow-Up
DST,,,GDC,test_value,,MolecularTest
DST,,,HTAN,test_value,,Molecular Test
DST,,,ICDC,date_of_last_dose_any_therapy,,prior_therapy
DST,,,PDC,project_submitter_id,,Project
DST,,,GDC,submission_enabled,,Project
DST,,,GDC,submitter_id,,ProteinExpression
DST,,,PDC,ENTITY,,Protocol
DST,,,GDC,library_preparation_kit_catalog_number,,ReadGroup
DST,,,GDC,library_preparation_kit_name,,ReadGroup
DST,,,GDC,library_preparation_kit_vendor,,ReadGroup
DST,,,GDC,library_preparation_kit_version,,ReadGroup
DST,,,GDC,library_strand,,ReadGroup
DST,,,GDC,multiplex_barcode,,ReadGroup
DST,,,GDC,ref:GDC:ubiquitous_properties,,ReadGroup
DST,,,GDC,RIN,,ReadGroup
DST,,,GDC,sequencing_date,,ReadGroup
DST,,,GDC,size_selection_range,,ReadGroup
DST,,,GDC,spike_ins_concentration,,ReadGroup
DST,,,GDC,submitter_id,,ReadGroup
DST,,,GDC,to_trim_adapter_sequence,,ReadGroup
DST,,,GDC,id,,Slide
DST,,,GDC,number_proliferating_cells,,Slide
DST,,,GDC,percent_granulocyte_infiltration,,Slide
DST,,,GDC,percent_lymphocyte_infiltration,,Slide
DST,,,GDC,percent_tumor_nuclei,,Slide
DST,,,GDC,ref:GDC:ubiquitous_properties,,Slide
DST,,,GDC,submitter_id,,Slide
DST,,,GDC,ref:GDC,data_file_properties,SlideImage
DST,,,PDC,date,,StudyRunMetadata
DST,,,PDC,experiment_number,,StudyRunMetadata
DST,,,PDC,experiment_type,,StudyRunMetadata
DST,,,PDC,mzidentml_refseq,,WorkflowMetadata
DST,,,ICDC,of_agent(agent),,adverse_event
DST,,,ICDC,adverse_event_description,,adverse_event
DST,,,ICDC,adverse_event_grade,,adverse_event
DST,,,ICDC,adverse_event_grade_description,,adverse_event
DST,,,ICDC,adverse_event_term,,adverse_event
DST,,,ICDC,ae_agent_name,,adverse_event
DST,,,ICDC,ae_dose,,adverse_event
DST,,,ICDC,ae_other,,adverse_event
DST,,,ICDC,attribution_to_commercial,,adverse_event
DST,,,ICDC,attribution_to_disease,,adverse_event
DST,,,ICDC,attribution_to_ind,,adverse_event
DST,,,ICDC,attribution_to_other,,adverse_event
DST,,,ICDC,attribution_to_research,,adverse_event
DST,,,ICDC,crf_id,,adverse_event
DST,,,ICDC,date_resolved,,adverse_event
DST,,,ICDC,day_in_cycle,,adverse_event
DST,,,ICDC,dose_limiting_toxicity,,adverse_event
DST,,,ICDC,unexpected_adverse_event,,adverse_event
DST,,,ICDC,,,agent
DST,,,ICDC,of_study_arm(study_arm),,agent
DST,,,ICDC,document_number,,Agent
DST,,,ICDC,medication,,Agent
DST,,,ICDC,,,agent_administration
DST,,,ICDC,of_agent(agent),,agent_administration
DST,,,ICDC,comment,,agent_administration
DST,,,ICDC,crf_id,,agent_administration
DST,,,ICDC,date_of_missed_dose,,agent_administration
DST,,,ICDC,document_number,,agent_administration
DST,,,ICDC,dose_level,,agent_administration
DST,,,ICDC,dose_units_of_measure,,agent_administration
DST,,,ICDC,medication,,agent_administration
DST,,,ICDC,medication_actual_dose,,agent_administration
DST,,,ICDC,medication_actual_units_of_measure,,agent_administration
DST,,,ICDC,medication_course_number,,agent_administration
DST,,,ICDC,medication_duration,,agent_administration
DST,,,ICDC,medication_lot_number,,agent_administration
DST,,,ICDC,medication_missed_dose,,agent_administration
DST,,,ICDC,medication_units_of_measure,,agent_administration
DST,,,ICDC,medication_vial_id,,agent_administration
DST,,,ICDC,missed_dose_amount,,agent_administration
DST,,,ICDC,missed_dose_units_of_measure,,agent_administration
DST,,,ICDC,phase,,agent_administration
DST,,,ICDC,route_of_administration,,agent_administration
DST,,,ICDC,start_time,,agent_administration
DST,,,ICDC,stop_time,,agent_administration
DST,,,GDC,shipped_to (Center),,Aliquot
DST,,,GDC,no_matched_normal_targeted_sequencing,,Aliquot
DST,,,GDC,no_matched_normal_wgs,,Aliquot
DST,,,GDC,no_matched_normal_wxs,,Aliquot
DST,,,GDC,selected_normal_low_pass_wgs,,Aliquot
DST,,,GDC,selected_normal_targeted_sequencing,,Aliquot
DST,,,GDC,selected_normal_wgs,,Aliquot
DST,,,GDC,selected_normal_wxs,,Aliquot
DST,,,GDC,source_center,,Aliquot
DST,,,PDC,ENTITY,,AliquotRunMetadata
DST,,,PDC,Aliquot,,AliquotRunMetadata
DST,,,PDC,Study,,AliquotRunMetadata
DST,,,PDC,acquisition_file_name,,AliquotRunMetadata
DST,,,PDC,analyte,,AliquotRunMetadata
DST,,,PDC,condition,,AliquotRunMetadata
DST,,,PDC,date,,AliquotRunMetadata
DST,,,PDC,experiment_number,,AliquotRunMetadata
DST,,,PDC,experiment_type,,AliquotRunMetadata
DST,,,PDC,fraction,,AliquotRunMetadata
DST,,,PDC,instrument,,AliquotRunMetadata
DST,,,PDC,label,,AliquotRunMetadata
DST,,,PDC,operator,,AliquotRunMetadata
DST,,,PDC,protocol,,AliquotRunMetadata
DST,,,PDC,replicate_number,,AliquotRunMetadata
DST,,,GDC,ref:GDC:ubiquitous_properties,,Analyte
DST,,,ICDC,,,assay
DST,,,GDC,ENTITY,,BiospecimenSupplement
DST,,,GDC,id,,BiospecimenSupplement
DST,,,GDC,ref:GDC:data_file_properties,,BiospecimenSupplement
DST,,,GDC,state_comment,,BiospecimenSupplement
DST,,,GDC,submitter_id,,BiospecimenSupplement
DST,,,ICDC,had_adverse_event(adverse_event),,case
DST,,,ICDC,patient_first_name,,Case
DST,,,mCODE,Name,,Cancer Patient Profile
DST,,,CTDC,ecog_performance_status,,case
DST,,,GDC,ENTITY,,Center
DST,,,GDC,code,,Center
DST,,,GDC,id,,Center
DST,,,GDC,ENTITY,,Clinical
DST,,,GDC,describes (Case),,Clinical
DST,,,mCODE,Deceased,,Cancer Patient Profile
DST,,,GDC,ENTITY,,ClinicalSupplement
DST,,,GDC,id,,ClinicalSupplement
DST,,,GDC,ref:GDC,data_file_properties,ClinicalSupplement
DST,,,GDC,state_comment,,ClinicalSupplement
DST,,,GDC,submitter_id,,ClinicalSupplement
DST,,,ICDC,,,cohort
DST,,,ICDC,member_of(study),,cohort
DST,,,ICDC,cohort_description,,Cohort
DST,,,ICDC,cohort_dose,,Cohort
DST,,,ICDC,,,cycle
DST,,,ICDC,of_case(case),,cycle
DST,,,ICDC,cycle_number,,Cycle
DST,,,ICDC,date_of_cycle_end,,Cycle
DST,,,ICDC,date_of_cycle_start,,Cycle
DST,,,ICDC,patient_age_at_enrollment,,Demographic
DST,,,ICDC,crf_id,,Demographic
DST,,,ICDC,weight,,Demographic
DST,,,GDC,ref:GDC:ubiquitous_properties,,Demographic
DST,,,PDC,cause_of_death,,Diagnosis
DST,,,PDC,colon_polyps_history,,Diagnosis
DST,,,ICDC,concurrent_disease,,Diagnosis
DST,,,ICDC,concurrent_disease_type,,Diagnosis
DST,,,ICDC,crf_id,,Diagnosis
DST,,,ICDC,date_of_diagnosis,,Diagnosis
DST,,,ICDC,date_of_histology_confirmation,,Diagnosis
DST,,,PDC,days_to_death,,Diagnosis
DST,,,PDC,days_to_hiv_diagnosis,,Diagnosis
DST,,,PDC,days_to_new_event,,Diagnosis
DST,,,ICDC,histology_cytopathology,,Diagnosis
DST,,,PDC,hiv_positive,,Diagnosis
DST,,,PDC,hpv_positive_type,,Diagnosis
DST,,,PDC,hpv_status,,Diagnosis
DST,,,PDC,ldh_level_at_diagnosis,,Diagnosis
DST,,,PDC,ldh_normal_range_upper,,Diagnosis
DST,,,PDC,new_event_anatomic_site,,Diagnosis
DST,,,PDC,new_event_type,,Diagnosis
DST,,,PDC,overall_survival,,Diagnosis
DST,,,ICDC,pathology_report,,Diagnosis
DST,,,PDC,progression_free_survival,,Diagnosis
DST,,,PDC,progression_free_survival_event,,Diagnosis
DST,,,ICDC,treatment_data,,Diagnosis
DST,,,PDC,vital_status,,Diagnosis
DST,,,ICDC,on_visit(visit),,disease_extent
DST,,,ICDC,crf_id,,disease_extent
DST,,,ICDC,date_of_evaluation,,disease_extent
DST,,,mCODE,Effective,,Cancer Disease Status Profile
DST,,,ICDC,evaluation_code,,disease_extent
DST,,,ICDC,evaluation_number,,disease_extent
DST,,,ICDC,lesion_description,,disease_extent
DST,,,ICDC,lesion_number,,disease_extent
DST,,,ICDC,lesion_site,,disease_extent
DST,,,ICDC,longest_measurement,,disease_extent
DST,,,ICDC,measurable_lesion,,disease_extent
DST,,,ICDC,measured_how,,disease_extent
DST,,,ICDC,previously_irradiated,,disease_extent
DST,,,ICDC,previously_treated,,disease_extent
DST,,,ICDC,target_lesion,,disease_extent
DST,,,ICDC,of_case(case),,enrollment
DST,,,ICDC,cohort_description,,Enrollment
DST,,,ICDC,date_of_informed_consent,,Enrollment
DST,,,ICDC,date_of_registration,,Enrollment
DST,,,ICDC,enrollment_document_number,,Enrollment
DST,,,ICDC,initials,,Enrollment
DST,,,ICDC,patient_subgroup,,Enrollment
DST,,,ICDC,registering_institution,,Enrollment
DST,,,ICDC,site_short_name,,Enrollment
DST,,,ICDC,veterinary_medical_center,,Enrollment
DST,,,GDC,ENTITY,,ExperimentMetadata
DST,,,GDC,id,,ExperimentMetadata
DST,,,GDC,project_id,,ExperimentMetadata
DST,,,GDC,ref:GDC,data_file_properties,ExperimentMetadata
DST,,,GDC,state_comment,,ExperimentMetadata
DST,,,PDC,bmi,,Exposure
DST,,,GDC,ref:GDC:ubiquitous_properties,,Exposure
DST,,,GDC,ref:GDC:ubiquitous_properties,,FamilyHistory
DST,,,ICDC,of_assay(assay),,file
DST,,,ICDC,of_sample(sample),,file
DST,,,ICDC,of_study(study),,file
DST,,,PDC,data_category,,File
DST,,,PDC,dbgap_control_number,,File
DST,,,PDC,downloadable,,File
DST,,,ICDC,file_description,,File
DST,,,PDC,fraction_number,,File
DST,,,PDC,sha1,,File
DST,,,ICDC,document_number,,follow_up
DST,,,ICDC,explain_unknown_status,,follow_up
DST,,,ICDC,physical_exam_changes,,follow_up
DST,,,ICDC,physical_exam_performed,,follow_up
DST,,,ICDC,treatment_since_last_contact,,follow_up
DST,,,PDC,ENTITY,,Gene
DST,,,PDC,assays,,Gene
DST,,,PDC,ENTITY,,GeneAbundance
DST,,,PDC,log2_ratio,,GeneAbundance
DST,,,PDC,precursor_area,,GeneAbundance
DST,,,PDC,spectral_count_id,,GeneAbundance
DST,,,PDC,unshared_log2_ratio,,GeneAbundance
DST,,,PDC,unshared_precursor_area,,GeneAbundance
DST,,,ICDC,,,image
DST,,,ICDC,of_assay(assay),,image
DST,,,GDC,aa_change,,MolecularTest
DST,,,HTAN,aa_change,,Molecular Test
DST,,,GDC,antigen,,MolecularTest
DST,,,HTAN,antigen,,Molecular Test
DST,,,GDC,biospecimen_type,,MolecularTest
DST,,,GDC,blood_test_normal_range_lower,,MolecularTest
DST,,,HTAN,blood_test_normal_range_lower,,Molecular Test
DST,,,GDC,blood_test_normal_range_upper,,MolecularTest
DST,,,HTAN,blood_test_normal_range_upper,,Molecular Test
DST,,,GDC,cell_count,,MolecularTest
DST,,,HTAN,cell_count,,Molecular Test
DST,,,GDC,copy_number,,MolecularTest
DST,,,HTAN,copy_number,,Molecular Test
DST,,,GDC,cytoband,,MolecularTest
DST,,,HTAN,cytoband,,Molecular Test
DST,,,GDC,exon,,MolecularTest
DST,,,HTAN,exon,,Molecular Test
DST,,,GDC,histone_family,,MolecularTest
DST,,,HTAN,histone_family,,Molecular Test
DST,,,GDC,histone_variant,,MolecularTest
DST,,,HTAN,histone_variant,,Molecular Test
DST,,,GDC,intron,,MolecularTest
DST,,,HTAN,intron,,Molecular Test
DST,,,GDC,laboratory_test,,MolecularTest
DST,,,HTAN,laboratory_test,,Molecular Test
DST,,,GDC,loci_abnormal_count,,MolecularTest
DST,,,HTAN,loci_abnormal_count,,Molecular Test
DST,,,GDC,loci_count,,MolecularTest
DST,,,HTAN,loci_count,,Molecular Test
DST,,,GDC,mismatch_repair_mutation,,MolecularTest
DST,,,HTAN,mismatch_repair_mutation,,Molecular Test
DST,,,GDC,molecular_consequence,,MolecularTest
DST,,,HTAN,molecular_consequence,,Molecular Test
DST,,,GDC,pathogenicity,,MolecularTest
DST,,,HTAN,pathogenicity,,Molecular Test
DST,,,GDC,ploidy,,MolecularTest
DST,,,HTAN,ploidy,,Molecular Test
DST,,,GDC,ref:GDC:ubiquitous_properties,,MolecularTest
DST,,,GDC,second_exon,,MolecularTest
DST,,,HTAN,second_exon,,Molecular Test
DST,,,GDC,specialized_molecular_test,,MolecularTest
DST,,,HTAN,specialized_molecular_test,,Molecular Test
DST,,,GDC,submitter_id,,MolecularTest
DST,,,GDC,test_analyte_type,,MolecularTest
DST,,,HTAN,test_analyte_type,,Molecular Test
DST,,,GDC,test_units,,MolecularTest
DST,,,HTAN,test_units,,Molecular Test
DST,,,GDC,transcript,,MolecularTest
DST,,,HTAN,transcript,,Molecular Test
DST,,,GDC,variant_origin,,MolecularTest
DST,,,HTAN,variant_origin,,Molecular Test
DST,,,GDC,zygosity,,MolecularTest
DST,,,HTAN,zygosity,,Molecular Test
DST,,,ICDC,,,off_study
DST,,,ICDC,best_resp_vet_tx_tp_best_response,,off_study
DST,,,ICDC,best_resp_vet_tx_tp_secondary_response,,off_study
DST,,,ICDC,date_last_medication_administration,,off_study
DST,,,ICDC,date_of_best_response,,off_study
DST,,,ICDC,date_of_disease_progression,,off_study
DST,,,ICDC,date_off_study,,off_study
DST,,,ICDC,date_off_treatment,,off_study
DST,,,ICDC,document_number,,off_study
DST,,,ICDC,reason_off_study,,off_study
DST,,,ICDC,,,off_treatment
DST,,,ICDC,best_resp_vet_tx_tp_best_response,,off_treatment
DST,,,ICDC,best_resp_vet_tx_tp_secondary_response,,off_treatment
DST,,,ICDC,date_last_medication_administration,,off_treatment
DST,,,ICDC,date_of_best_response,,off_treatment
DST,,,ICDC,date_of_disease_progression,,off_treatment
DST,,,ICDC,date_off_treatment,,off_treatment
DST,,,ICDC,document_number,,off_treatment
DST,,,ICDC,reason_off_treatment,,off_treatment
DST,,,GDC,ENTITY,,PathologyReport
DST,,,GDC,id,,PathologyReport
DST,,,GDC,ref:GDC,data_file_properties,PathologyReport
DST,,,GDC,state_comment,,PathologyReport
DST,,,GDC,submitter_id,,PathologyReport
DST,,,ICDC,,,physical_exam
DST,,,ICDC,at_enrollment(enrollment),,physical_exam
DST,,,ICDC,on_visit(visit),,physical_exam
DST,,,ICDC,assessment_timepoint,,physical_exam
DST,,,ICDC,body_system,,physical_exam
DST,,,ICDC,crf_id,,physical_exam
DST,,,ICDC,date_of_examination,,physical_exam
DST,,,ICDC,day_in_cycle,,physical_exam
DST,,,ICDC,pe_comment,,physical_exam
DST,,,ICDC,pe_finding,,physical_exam
DST,,,ICDC,phase_pe,,physical_exam
DST,,,GDC,shipped_to (Center),,Portion
DST,,,ICDC,of_study(study),,principal_investigator
DST,,,ICDC,,,prior_surgery
DST,,,ICDC,at_enrollment(enrollment),,prior_surgery
DST,,,ICDC,anatomical_site_of_surgery,,prior_surgery
DST,,,ICDC,crf_id,,prior_surgery
DST,,,ICDC,date_of_surgery,,prior_surgery
DST,,,ICDC,procedure,,prior_surgery
DST,,,ICDC,residual_disease,,prior_surgery
DST,,,ICDC,surgical_finding,,prior_surgery
DST,,,ICDC,therapeutic_indicator,,prior_surgery
DST,,,ICDC,at_enrollment(enrollment),,prior_therapy
DST,,,ICDC,agent_name,,prior_therapy
DST,,,ICDC,agent_units_of_measure,,prior_therapy
DST,,,ICDC,any_therapy,,prior_therapy
DST,,,ICDC,best_response,,prior_therapy
DST,,,ICDC,date_of_first_dose,,prior_therapy
DST,,,ICDC,date_of_last_dose_nsaid,,prior_therapy
DST,,,ICDC,date_of_last_dose_steroid,,prior_therapy
DST,,,ICDC,dose_schedule,,prior_therapy
DST,,,ICDC,min_rsdl_dz_tx_ind_nsaids_treatment_pe,,prior_therapy
DST,,,ICDC,nonresponse_therapy_type,,prior_therapy
DST,,,ICDC,number_of_prior_regimens_any_therapy,,prior_therapy
DST,,,ICDC,number_of_prior_regimens_nsaid,,prior_therapy
DST,,,ICDC,number_of_prior_regimens_steroid,,prior_therapy
DST,,,ICDC,prior_nsaid_exposure,,prior_therapy
DST,,,ICDC,prior_steroid_exposure,,prior_therapy
DST,,,ICDC,prior_therapy_type,,prior_therapy
DST,,,ICDC,therapy_type,,prior_therapy
DST,,,ICDC,total_dose,,prior_therapy
DST,,,ICDC,total_number_of_doses_any_therapy,,prior_therapy
DST,,,ICDC,total_number_of_doses_nsaid,,prior_therapy
DST,,,ICDC,total_number_of_doses_steroid,,prior_therapy
DST,,,ICDC,treatment_performed_at_site,,prior_therapy
DST,,,ICDC,treatment_performed_in_minimal_residual,,prior_therapy
DST,,,ICDC,tx_loc_geo_loc_ind_nsaid,,prior_therapy
DST,,,PDC,end_date,,Program
DST,,,PDC,program_submitter_id,,Program
DST,,,ICDC,program_external_url,,Program
DST,,,ICDC,program_sort_order,,Program
DST,,,PDC,sponsor,,Program
DST,,,GDC,awg_review,,Project
DST,,,GDC,code,,Project
DST,,,GDC,disease_type,,Project
DST,,,GDC,in_review,,Project
DST,,,GDC,is_legacy,,Project
DST,,,GDC,primary_site,,Project
DST,,,GDC,release_requested,,Project
DST,,,GDC,request_submission,,Project
DST,,,PDC,programs,,Project
DST,,,GDC,ENTITY,,ProteinExpression
DST,,,GDC,id,,ProteinExpression
DST,,,GDC,ref:GDC,data_file_properties,ProteinExpression
DST,,,GDC,state_comment,,ProteinExpression
DST,,,PDC,amount_on_column,,Protocol
DST,,,PDC,amount_on_column_uom,,Protocol
DST,,,PDC,column_inner_diameter,,Protocol
DST,,,PDC,column_inner_diameter_uom,,Protocol
DST,,,PDC,column_length,,Protocol
DST,,,PDC,column_length_uom,,Protocol
DST,,,PDC,column_type,,Protocol
DST,,,PDC,dda_topn,,Protocol
DST,,,PDC,dia_ims,,Protocol
DST,,,PDC,gradient_length,,Protocol
DST,,,PDC,gradient_length_uom,,Protocol
DST,,,PDC,instrument_model,,Protocol
DST,,,PDC,ms1_resolution,,Protocol
DST,,,PDC,ms2_resolution,,Protocol
DST,,,PDC,normalized_collision_energy,,Protocol
DST,,,PDC,particle_size,,Protocol
DST,,,PDC,particle_size_uom,,Protocol
DST,,,PDC,particle_type,,Protocol
DST,,,PDC,program_submitter_id,,Protocol
DST,,,PDC,starting_amount,,Protocol
DST,,,PDC,starting_amount_uom,,Protocol
DST,,,PDC,ENTITY,,Publication
DST,,,PDC,pubmed_id,,Publication
DST,,,GDC,ENTITY,,ReadGroup
DST,,,GDC,adapter_name,,ReadGroup
DST,,,GDC,adapter_sequence,,ReadGroup
DST,,,GDC,base_caller_name,,ReadGroup
DST,,,GDC,base_caller_version,,ReadGroup
DST,,,GDC,days_to_sequencing,,ReadGroup
DST,,,GDC,flow_cell_barcode,,ReadGroup
DST,,,GDC,fragment_maximum_length,,ReadGroup
DST,,,GDC,fragment_mean_length,,ReadGroup
DST,,,GDC,fragment_minimum_length,,ReadGroup
DST,,,GDC,fragment_standard_deviation_length,,ReadGroup
DST,,,GDC,id,,ReadGroup
DST,,,GDC,includes_spike_ins,,ReadGroup
DST,,,GDC,instrument_model,,ReadGroup
DST,,,GDC,lane_number,,ReadGroup
DST,,,GDC,spike_ins_fasta,,ReadGroup
DST,,,GDC,ENTITY,,RunMetadata
DST,,,GDC,derived_from (ReadGroup),,RunMetadata
DST,,,GDC,id,,RunMetadata
DST,,,GDC,project_id,,RunMetadata
DST,,,GDC,ref:GDC,data_file_properties,RunMetadata
DST,,,GDC,state_comment,,RunMetadata
DST,,,GDC,submitter_id,,RunMetadata
DST,,,GDC,derived_from (Sample),,Sample
DST,,,ICDC,on_visit(visit),,sample
DST,,,ICDC,next(sample),,sample
DST,,,ICDC,comment,,Sample
DST,,,ICDC,summarized_sample_type,,sample
DST,,,ICDC,percentage_tumor,,Sample
DST,,,PDC,sample_is_ref,,Sample
DST,,,ICDC,molecular_subtype,,sample
DST,,,ICDC,date_of_sample_collection,,sample
DST,,,ICDC,tumor_grade,,sample
DST,,,ICDC,length_of_tumor,,sample
DST,,,ICDC,width_of_tumor,,sample
DST,,,ICDC,volume_of_tumor,,sample
DST,,,ICDC,percentage_tumor,,sample
DST,,,ICDC,comment,,sample
DST,,,GDC,ref:GDC:ubiquitous_properties,,Sample
DST,,,GDC,ENTITY,,Slide
DST,,,GDC,percent_eosinophil_infiltration,,Slide
DST,,,GDC,percent_inflam_infiltration,,Slide
DST,,,GDC,percent_monocyte_infiltration,,Slide
DST,,,GDC,percent_necrosis,,Slide
DST,,,GDC,percent_neutrophil_infiltration,,Slide
DST,,,GDC,percent_normal_cells,,Slide
DST,,,GDC,percent_stromal_cells,,Slide
DST,,,GDC,percent_tumor_cells,,Slide
DST,,,GDC,ENTITY,,SlideImage
DST,,,GDC,id,,SlideImage
DST,,,GDC,imaging_date,,SlideImage
DST,,,GDC,magnification,,SlideImage
DST,,,GDC,state_comment,,SlideImage
DST,,,GDC,submitter_id,,SlideImage
DST,,,PDC,study_submitter_id,,Study
DST,,,ICDC,date_of_iacuc_approval,,Study
DST,,,ICDC,dates_of_conduct,,study
DST,,,PDC,embargo_date,,Study
DST,,,ICDC,arm,,study_arm
DST,,,ICDC,arm_description,,study_arm
DST,,,ICDC,ctep_treatment_assignment_code,,study_arm
DST,,,CTDC,pubmed_id,,arm
DST,,,CTDC,dbgap_accession_number,,arm
DST,,,PDC,ENTITY,,StudyRunMetadata
DST,,,PDC,alias,,StudyRunMetadata
DST,,,PDC,analyte,,StudyRunMetadata
DST,,,PDC,condition,,StudyRunMetadata
DST,,,PDC,fraction,,StudyRunMetadata
DST,,,PDC,operator,,StudyRunMetadata
DST,,,PDC,plex_or_folder_name,,StudyRunMetadata
DST,,,PDC,replicate_number,,StudyRunMetadata
DST,,,ICDC,,,study_site
DST,,,ICDC,of_study(study),,study_site
DST,,,ICDC,registering_institution,,study_site
DST,,,ICDC,site_short_name,,study_site
DST,,,ICDC,veterinary_medical_center,,study_site
DST,,,GDC,ENTITY,,TissueSourceSite
DST,,,GDC,bcr_id,,TissueSourceSite
DST,,,GDC,code,,TissueSourceSite
DST,,,GDC,id,,TissueSourceSite
DST,,,GDC,name,,TissueSourceSite
DST,,,GDC,project,,TissueSourceSite
DST,,,GDC,ref:GDC:ubiquitous_properties,,Treatment
DST,,,ICDC,,,visit
DST,,,ICDC,of_cycle(cycle),,visit
DST,,,ICDC,visit_date,,Visit
DST,,,ICDC,visit_number,,Visit
DST,,,ICDC,,,vital_signs
DST,,,ICDC,on_visit(visit),,vital_signs
DST,,,ICDC,assessment_timepoint,,vital_signs
DST,,,ICDC,body_surface_area,,vital_signs
DST,,,ICDC,body_temperature,,vital_signs
DST,,,ICDC,crf_id,,vital_signs
DST,,,ICDC,date_of_vital_signs,,vital_signs
DST,,,ICDC,ecg,,vital_signs
DST,,,ICDC,modified_ecog,,vital_signs
DST,,,ICDC,patient_weight,,vital_signs
DST,,,ICDC,phase,,vital_signs
DST,,,ICDC,pulse,,vital_signs
DST,,,ICDC,pulse_ox,,vital_signs
DST,,,ICDC,respiration_pattern,,vital_signs
DST,,,ICDC,respiration_rate,,vital_signs
DST,,,ICDC,systolic_bp,,vital_signs
DST,,,PDC,ENTITY,,WorkflowMetadata
DST,,,PDC,analytical_fraction,,WorkflowMetadata
DST,,,PDC,cdap_reports,,WorkflowMetadata
DST,,,PDC,cptac_dcc_mzidentml,,WorkflowMetadata
DST,,,PDC,cptac_dcc_tools,,WorkflowMetadata
DST,,,PDC,cptac_galaxy_tools,,WorkflowMetadata
DST,,,PDC,cptac_galaxy_workflows,,WorkflowMetadata
DST,,,PDC,experiment_type,,WorkflowMetadata
DST,,,PDC,gene_to_prot,,WorkflowMetadata
DST,,,PDC,hgnc_version,,WorkflowMetadata
DST,,,PDC,instrument,,WorkflowMetadata
DST,,,PDC,ms1_data_analysis,,WorkflowMetadata
DST,,,PDC,mzidentml_uniprot,,WorkflowMetadata
DST,,,PDC,phosphosite_localization,,WorkflowMetadata
DST,,,PDC,psm_report_generation,,WorkflowMetadata
DST,,,PDC,raw_data_conversion,,WorkflowMetadata
DST,,,PDC,raw_data_processing,,WorkflowMetadata
DST,,,PDC,refseq_database_version,,WorkflowMetadata
DST,,,PDC,search_database_parameters,,WorkflowMetadata
DST,,,PDC,sequence_database_search,,WorkflowMetadata
DST,,,PDC,uniport_database_version,,WorkflowMetadata
DST,,,PDC,workflow_metadata_id,,WorkflowMetadata
DST,,,PDC,workflow_metadata_submitter_id,,WorkflowMetadata
DST,,,mCODE,Evidence Type,,Cancer Disease Status Profile
DST,,,mCODE,Subject,,Cancer Disease Status Profile
DST,,,mCODE,Focus,,Cancer Disease Status Profile
DST,,,mCODE,Value,,Cancer Disease Status Profile
DST,,,mCODE,Identifier > System,,Cancer Patient Profile
DST,,,mCODE,Identifier > Value,,Cancer Patient Profile
DST,,,mCODE,Name > Family,,Cancer Patient Profile
DST,,,mCODE,Name > Given,,Cancer Patient Profile
DST,,,mCODE,Telecom > System,,Cancer Patient Profile
DST,,,mCODE,Telecom > Value,,Cancer Patient Profile
DST,,,mCODE,Telecom > Use,,Cancer Patient Profile
DST,,,mCODE,Address,,Cancer Patient Profile
DST,,,mCODE,Address > Line,,Cancer Patient Profile
DST,,,mCODE,Address > City,,Cancer Patient Profile
DST,,,mCODE,Address > State,,Cancer Patient Profile
DST,,,mCODE,Address > Postal Code,,Cancer Patient Profile
DST,,,mCODE,Address > Period,,Cancer Patient Profile
DST,,,mCODE,Communication > Language,,Cancer Patient Profile
DST,,,mCODE,Treatment Intent,,Cancer-Related Surgical Procedure Profile
DST,,,mCODE,Status,,Cancer-Related Surgical Procedure Profile
DST,,,mCODE,Code,,Cancer-Related Surgical Procedure Profile
DST,,,mCODE,Subject,,Cancer-Related Surgical Procedure Profile
DST,,,mCODE,Performed,,Cancer-Related Surgical Procedure Profile
DST,,,mCODE,Reason Code,,Cancer-Related Surgical Procedure Profile
DST,,,mCODE,Reason Reference,,Cancer-Related Surgical Procedure Profile
DST,,,mCODE,Body Site,,Cancer-Related Surgical Procedure Profile
DST,,,mCODE,Body Site > Location Qualifier,,Cancer-Related Surgical Procedure Profile
DST,,,mCODE,Body Site > Laterality Qualifier,,Cancer-Related Surgical Procedure Profile
DST,,,mCODE,Status,,Cancer Stage Group Profile
DST,,,mCODE,Code,,Cancer Stage Group Profile
DST,,,mCODE,Subject,,Cancer Stage Group Profile
DST,,,mCODE,Focus,,Cancer Stage Group Profile
DST,,,mCODE,Effective,,Cancer Stage Group Profile
DST,,,mCODE,Value,,Cancer Stage Group Profile
DST,,,mCODE,Method,,Cancer Stage Group Profile
DST,,,mCODE,Status,,Comorbidities Elixhauser Profile
DST,,,mCODE,Subject,,Comorbidities Elixhauser Profile
DST,,,mCODE,Focus,,Comorbidities Elixhauser Profile
DST,,,mCODE,Effective,,Comorbidities Elixhauser Profile
DST,,,mCODE,Value,,Comorbidities Elixhauser Profile
DST,,,mCODE,Component,,Comorbidities Elixhauser Profile
DST,,,mCODE,Component > AIDS,,Comorbidities Elixhauser Profile
DST,,,mCODE,Component > AIDS > Extension,,Comorbidities Elixhauser Profile
DST,,,mCODE,Component > AIDS > Extension > Component > Condition Code,,Comorbidities Elixhauser Profile
DST,,,mCODE,Component > AIDS > Extension > Component > Condition Reference,,Comorbidities Elixhauser Profile
DST,,,mCODE,Component > AIDS > Value,,Comorbidities Elixhauser Profile
DST,,,mCODE,Component > Alcohol Abuse,,Comorbidities Elixhauser Profile
DST,,,mCODE,Component > Alcohol Abuse > Extension,,Comorbidities Elixhauser Profile
DST,,,mCODE,Component > Alcohol Abuse > Extension > Component > Condition Code,,Comorbidities Elixhauser Profile
DST,,,mCODE,Component > Alcohol Abuse > Extension > Component > Condition Reference,,Comorbidities Elixhauser Profile
DST,,,mCODE,Component > Alcohol Abuse > Value,,Comorbidities Elixhauser Profile
DST,,,mCODE,Component > Deficiency Anemia,,Comorbidities Elixhauser Profile
DST,,,mCODE,Component > Deficiency Anemia > Extension,,Comorbidities Elixhauser Profile
DST,,,mCODE,Component > Deficiency Anemia > Extension > Component > Condition Code,,Comorbidities Elixhauser Profile
DST,,,mCODE,Component > Deficiency Anemia > Extension > Component > Condition Reference,,Comorbidities Elixhauser Profile
DST,,,mCODE,Component > Deficiency Anemia > Value,,Comorbidities Elixhauser Profile
DST,,,mCODE,Component > Arthropathy,,Comorbidities Elixhauser Profile
DST,,,mCODE,Component > Arthropathy > Extension,,Comorbidities Elixhauser Profile
DST,,,mCODE,Component > Arthropathy > Extension > Component > Condition Code,,Comorbidities Elixhauser Profile
DST,,,mCODE,Component > Arthropathy > Extension > Component > Condition Reference,,Comorbidities Elixhauser Profile
DST,,,mCODE,Component > Arthropathy > Value,,Comorbidities Elixhauser Profile
DST,,,mCODE,Component > Blood Loss Anemia,,Comorbidities Elixhauser Profile
DST,,,mCODE,Component > Blood Loss Anemia > Extension,,Comorbidities Elixhauser Profile
DST,,,mCODE,Component > Blood Loss Anemia > Extension > Component > Condition Code,,Comorbidities Elixhauser Profile
DST,,,mCODE,Component > Blood Loss Anemia > Extension > Component > Condition Reference,,Comorbidities Elixhauser Profile
DST,,,mCODE,Component > Blood Loss Anemia > Value,,Comorbidities Elixhauser Profile
DST,,,mCODE,Component > Cancer Leukemia,,Comorbidities Elixhauser Profile
DST,,,mCODE,Component > Cancer Leukemia > Extension,,Comorbidities Elixhauser Profile
DST,,,mCODE,Component > Cancer Leukemia > Extension > Component > Condition Code,,Comorbidities Elixhauser Profile
DST,,,mCODE,Component > Cancer Leukemia > Extension > Component > Condition Reference,,Comorbidities Elixhauser Profile
DST,,,mCODE,Component > Cancer Leukemia > Value,,Comorbidities Elixhauser Profile
DST,,,mCODE,Component > Cancer Lymphoma,,Comorbidities Elixhauser Profile
DST,,,mCODE,Component > Cancer Lymphoma > Extension,,Comorbidities Elixhauser Profile
DST,,,mCODE,Component > Cancer Lymphoma > Extension > Component > Condition Code,,Comorbidities Elixhauser Profile
DST,,,mCODE,Component > Cancer Lymphoma > Extension > Component > Condition Reference,,Comorbidities Elixhauser Profile
DST,,,mCODE,Component > Cancer Lymphoma > Value,,Comorbidities Elixhauser Profile
DST,,,mCODE,Component > Cancer Metastatic,,Comorbidities Elixhauser Profile
DST,,,mCODE,Component > Cancer Metastatic > Extension,,Comorbidities Elixhauser Profile
DST,,,mCODE,Component > Cancer Metastatic > Extension > Component > Condition Code,,Comorbidities Elixhauser Profile
DST,,,mCODE,Component > Cancer Metastatic > Extension > Component > Condition Reference,,Comorbidities Elixhauser Profile
DST,,,mCODE,Component > Cancer Metastatic > Value,,Comorbidities Elixhauser Profile
DST,,,mCODE,Component > Cancer Solid in Situ,,Comorbidities Elixhauser Profile
DST,,,mCODE,Component > Cancer Solid in Situ > Extension,,Comorbidities Elixhauser Profile
DST,,,mCODE,Component > Cancer Solid in Situ > Extension > Component > Condition Code,,Comorbidities Elixhauser Profile
DST,,,mCODE,Component > Cancer Solid in Situ > Extension > Component > Condition Reference,,Comorbidities Elixhauser Profile
DST,,,mCODE,Component > Cancer Solid in Situ > Value,,Comorbidities Elixhauser Profile
DST,,,mCODE,Component > Cancer Solid Malignant,,Comorbidities Elixhauser Profile
DST,,,mCODE,Component > Cancer Solid Malignant > Extension,,Comorbidities Elixhauser Profile
DST,,,mCODE,Component > Cancer Solid Malignant > Extension > Component > Condition Code,,Comorbidities Elixhauser Profile
DST,,,mCODE,Component > Cancer Solid Malignant > Extension > Component > Condition Reference,,Comorbidities Elixhauser Profile
DST,,,mCODE,Component > Cancer Solid Malignant > Value,,Comorbidities Elixhauser Profile
DST,,,mCODE,Component > Cerebrovascular,,Comorbidities Elixhauser Profile
DST,,,mCODE,Component > Cerebrovascular > Extension,,Comorbidities Elixhauser Profile
DST,,,mCODE,Component > Cerebrovascular > Extension > Component > Condition Code,,Comorbidities Elixhauser Profile
DST,,,mCODE,Component > Cerebrovascular > Extension > Component > Condition Reference,,Comorbidities Elixhauser Profile
DST,,,mCODE,Component > Cerebrovascular > Value,,Comorbidities Elixhauser Profile
DST,,,mCODE,Component > Congestive Heart Failure,,Comorbidities Elixhauser Profile
DST,,,mCODE,Component > Congestive Heart Failure > Extension,,Comorbidities Elixhauser Profile
DST,,,mCODE,Component > Congestive Heart Failure > Extension > Component > Condition Code,,Comorbidities Elixhauser Profile
DST,,,mCODE,Component > Congestive Heart Failure > Extension > Component > Condition Reference,,Comorbidities Elixhauser Profile
DST,,,mCODE,Component > Congestive Heart Failure > Value,,Comorbidities Elixhauser Profile
DST,,,mCODE,Component > Coagulopathy,,Comorbidities Elixhauser Profile
DST,,,mCODE,Component > Coagulopathy > Extension,,Comorbidities Elixhauser Profile
DST,,,mCODE,Component > Coagulopathy > Extension > Component > Condition Code,,Comorbidities Elixhauser Profile
DST,,,mCODE,Component > Coagulopathy > Extension > Component > Condition Reference,,Comorbidities Elixhauser Profile
DST,,,mCODE,Component > Coagulopathy > Value,,Comorbidities Elixhauser Profile
DST,,,mCODE,Component > Dementia,,Comorbidities Elixhauser Profile
DST,,,mCODE,Component > Dementia > Extension,,Comorbidities Elixhauser Profile
DST,,,mCODE,Component > Dementia > Extension > Component > Condition Code,,Comorbidities Elixhauser Profile
DST,,,mCODE,Component > Dementia > Extension > Component > Condition Reference,,Comorbidities Elixhauser Profile
DST,,,mCODE,Component > Dementia > Value,,Comorbidities Elixhauser Profile
DST,,,mCODE,Component > Depression,,Comorbidities Elixhauser Profile
DST,,,mCODE,Component > Depression > Extension,,Comorbidities Elixhauser Profile
DST,,,mCODE,Component > Depression > Extension > Component > Condition Code,,Comorbidities Elixhauser Profile
DST,,,mCODE,Component > Depression > Extension > Component > Condition Reference,,Comorbidities Elixhauser Profile
DST,,,mCODE,Component > Depression > Value,,Comorbidities Elixhauser Profile
DST,,,mCODE,Component > Diabetes Complicated,,Comorbidities Elixhauser Profile
DST,,,mCODE,Component > Diabetes Complicated > Extension,,Comorbidities Elixhauser Profile
DST,,,mCODE,Component > Diabetes Complicated > Extension > Component > Condition Code,,Comorbidities Elixhauser Profile
DST,,,mCODE,Component > Diabetes Complicated > Extension > Component > Condition Reference,,Comorbidities Elixhauser Profile
DST,,,mCODE,Component > Diabetes Complicated > Value,,Comorbidities Elixhauser Profile
DST,,,mCODE,Component > Diabetes Uncomplicated,,Comorbidities Elixhauser Profile
DST,,,mCODE,Component > Diabetes Uncomplicated > Extension,,Comorbidities Elixhauser Profile
DST,,,mCODE,Component > Diabetes Uncomplicated > Extension > Component > Condition Code,,Comorbidities Elixhauser Profile
DST,,,mCODE,Component > Diabetes Uncomplicated > Extension > Component > Condition Reference,,Comorbidities Elixhauser Profile
DST,,,mCODE,Component > Diabetes Uncomplicated > Value,,Comorbidities Elixhauser Profile
DST,,,mCODE,Component > Drug Abuse,,Comorbidities Elixhauser Profile
DST,,,mCODE,Component > Drug Abuse > Extension,,Comorbidities Elixhauser Profile
DST,,,mCODE,Component > Drug Abuse > Extension > Component > Condition Code,,Comorbidities Elixhauser Profile
DST,,,mCODE,Component > Drug Abuse > Extension > Component > Condition Reference,,Comorbidities Elixhauser Profile
DST,,,mCODE,Component > Drug Abuse > Value,,Comorbidities Elixhauser Profile
DST,,,mCODE,Component > Hypertension Complicated,,Comorbidities Elixhauser Profile
DST,,,mCODE,Component > Hypertension Complicated > Extension,,Comorbidities Elixhauser Profile
DST,,,mCODE,Component > Hypertension Complicated > Extension > Component > Condition Code,,Comorbidities Elixhauser Profile
DST,,,mCODE,Component > Hypertension Complicated > Extension > Component > Condition Reference,,Comorbidities Elixhauser Profile
DST,,,mCODE,Component > Hypertension Complicated > Value,,Comorbidities Elixhauser Profile
DST,,,mCODE,Component > Hypertension Uncomplicated,,Comorbidities Elixhauser Profile
DST,,,mCODE,Component > Hypertension Uncomplicated > Extension,,Comorbidities Elixhauser Profile
DST,,,mCODE,Component > Hypertension Uncomplicated > Extension > Component > Condition Code,,Comorbidities Elixhauser Profile
DST,,,mCODE,Component > Hypertension Uncomplicated > Extension > Component > Condition Reference,,Comorbidities Elixhauser Profile
DST,,,mCODE,Component > Hypertension Uncomplicated > Value,,Comorbidities Elixhauser Profile
DST,,,mCODE,Component > Liver Disease Mild,,Comorbidities Elixhauser Profile
DST,,,mCODE,Component > Liver Disease Mild > Extension,,Comorbidities Elixhauser Profile
DST,,,mCODE,Component > Liver Disease Mild > Extension > Component > Condition Code,,Comorbidities Elixhauser Profile
DST,,,mCODE,Component > Liver Disease Mild > Extension > Component > Condition Reference,,Comorbidities Elixhauser Profile
DST,,,mCODE,Component > Liver Disease Mild > Value,,Comorbidities Elixhauser Profile
DST,,,mCODE,Component > Liver Disease Severe,,Comorbidities Elixhauser Profile
DST,,,mCODE,Component > Liver Disease Severe > Extension,,Comorbidities Elixhauser Profile
DST,,,mCODE,Component > Liver Disease Severe > Extension > Component > Condition Code,,Comorbidities Elixhauser Profile
DST,,,mCODE,Component > Liver Disease Severe > Extension > Component > Condition Reference,,Comorbidities Elixhauser Profile
DST,,,mCODE,Component > Liver Disease Severe > Value,,Comorbidities Elixhauser Profile
DST,,,mCODE,Component > Chronic Pulmonary Disease,,Comorbidities Elixhauser Profile
DST,,,mCODE,Component > Chronic Pulmonary Disease > Extension,,Comorbidities Elixhauser Profile
DST,,,mCODE,Component > Chronic Pulmonary Disease > Extension > Component > Condition Code,,Comorbidities Elixhauser Profile
DST,,,mCODE,Component > Chronic Pulmonary Disease > Extension > Component > Condition Reference,,Comorbidities Elixhauser Profile
DST,,,mCODE,Component > Chronic Pulmonary Disease > Value,,Comorbidities Elixhauser Profile
DST,,,mCODE,Component > Neurological Movement,,Comorbidities Elixhauser Profile
DST,,,mCODE,Component > Neurological Movement > Extension,,Comorbidities Elixhauser Profile
DST,,,mCODE,Component > Neurological Movement > Extension > Component > Condition Code,,Comorbidities Elixhauser Profile
DST,,,mCODE,Component > Neurological Movement > Extension > Component > Condition Reference,,Comorbidities Elixhauser Profile
DST,,,mCODE,Component > Neurological Movement > Value,,Comorbidities Elixhauser Profile
DST,,,mCODE,Component > Neurological Other,,Comorbidities Elixhauser Profile
DST,,,mCODE,Component > Neurological Other > Extension,,Comorbidities Elixhauser Profile
DST,,,mCODE,Component > Neurological Other > Extension > Component > Condition Code,,Comorbidities Elixhauser Profile
DST,,,mCODE,Component > Neurological Other > Extension > Component > Condition Reference,,Comorbidities Elixhauser Profile
DST,,,mCODE,Component > Neurological Other > Value,,Comorbidities Elixhauser Profile
DST,,,mCODE,Component > Neurological Seizure,,Comorbidities Elixhauser Profile
DST,,,mCODE,Component > Neurological Seizure > Extension,,Comorbidities Elixhauser Profile
DST,,,mCODE,Component > Neurological Seizure > Extension > Component > Condition Code,,Comorbidities Elixhauser Profile
DST,,,mCODE,Component > Neurological Seizure > Extension > Component > Condition Reference,,Comorbidities Elixhauser Profile
DST,,,mCODE,Component > Neurological Seizure > Value,,Comorbidities Elixhauser Profile
DST,,,mCODE,Component > Obesity,,Comorbidities Elixhauser Profile
DST,,,mCODE,Component > Obesity > Extension,,Comorbidities Elixhauser Profile
DST,,,mCODE,Component > Obesity > Extension > Component > Condition Code,,Comorbidities Elixhauser Profile
DST,,,mCODE,Component > Obesity > Extension > Component > Condition Reference,,Comorbidities Elixhauser Profile
DST,,,mCODE,Component > Obesity > Value,,Comorbidities Elixhauser Profile
DST,,,mCODE,Component > Paralysis,,Comorbidities Elixhauser Profile
DST,,,mCODE,Component > Paralysis > Extension,,Comorbidities Elixhauser Profile
DST,,,mCODE,Component > Paralysis > Extension > Component > Condition Code,,Comorbidities Elixhauser Profile
DST,,,mCODE,Component > Paralysis > Extension > Component > Condition Reference,,Comorbidities Elixhauser Profile
DST,,,mCODE,Component > Paralysis > Value,,Comorbidities Elixhauser Profile
DST,,,mCODE,Component > Peripheral Vascular Disease,,Comorbidities Elixhauser Profile
DST,,,mCODE,Component > Peripheral Vascular Disease > Extension,,Comorbidities Elixhauser Profile
DST,,,mCODE,Component > Peripheral Vascular Disease > Extension > Component > Condition Code,,Comorbidities Elixhauser Profile
DST,,,mCODE,Component > Peripheral Vascular Disease > Extension > Component > Condition Reference,,Comorbidities Elixhauser Profile
DST,,,mCODE,Component > Peripheral Vascular Disease > Value,,Comorbidities Elixhauser Profile
DST,,,mCODE,Component > Psychosis,,Comorbidities Elixhauser Profile
DST,,,mCODE,Component > Psychosis > Extension,,Comorbidities Elixhauser Profile
DST,,,mCODE,Component > Psychosis > Extension > Component > Condition Code,,Comorbidities Elixhauser Profile
DST,,,mCODE,Component > Psychosis > Extension > Component > Condition Reference,,Comorbidities Elixhauser Profile
DST,,,mCODE,Component > Psychosis > Value,,Comorbidities Elixhauser Profile
DST,,,mCODE,Component > Pulmonary Circulation Disorder,,Comorbidities Elixhauser Profile
DST,,,mCODE,Component > Pulmonary Circulation Disorder > Extension,,Comorbidities Elixhauser Profile
DST,,,mCODE,Component > Pulmonary Circulation Disorder > Extension > Component > Condition Code,,Comorbidities Elixhauser Profile
DST,,,mCODE,Component > Pulmonary Circulation Disorder > Extension > Component > Condition Reference,,Comorbidities Elixhauser Profile
DST,,,mCODE,Component > Pulmonary Circulation Disorder > Value,,Comorbidities Elixhauser Profile
DST,,,mCODE,Component > Renal Failure Moderate,,Comorbidities Elixhauser Profile
DST,,,mCODE,Component > Renal Failure Moderate > Extension,,Comorbidities Elixhauser Profile
DST,,,mCODE,Component > Renal Failure Moderate > Extension > Component > Condition Code,,Comorbidities Elixhauser Profile
DST,,,mCODE,Component > Renal Failure Moderate > Extension > Component > Condition Reference,,Comorbidities Elixhauser Profile
DST,,,mCODE,Component > Renal Failure Moderate > Value,,Comorbidities Elixhauser Profile
DST,,,mCODE,Component > Renal Failure Severe,,Comorbidities Elixhauser Profile
DST,,,mCODE,Component > Renal Failure Severe > Extension,,Comorbidities Elixhauser Profile
DST,,,mCODE,Component > Renal Failure Severe > Extension > Component > Condition Code,,Comorbidities Elixhauser Profile
DST,,,mCODE,Component > Renal Failure Severe > Extension > Component > Condition Reference,,Comorbidities Elixhauser Profile
DST,,,mCODE,Component > Renal Failure Severe > Value,,Comorbidities Elixhauser Profile
DST,,,mCODE,Component > Hypothyroidism,,Comorbidities Elixhauser Profile
DST,,,mCODE,Component > Hypothyroidism > Extension,,Comorbidities Elixhauser Profile
DST,,,mCODE,Component > Hypothyroidism > Extension > Component > Condition Code,,Comorbidities Elixhauser Profile
DST,,,mCODE,Component > Hypothyroidism > Extension > Component > Condition Reference,,Comorbidities Elixhauser Profile
DST,,,mCODE,Component > Hypothyroidism > Value,,Comorbidities Elixhauser Profile
DST,,,mCODE,Component > Thyroid Other,,Comorbidities Elixhauser Profile
DST,,,mCODE,Component > Thyroid Other > Extension,,Comorbidities Elixhauser Profile
DST,,,mCODE,Component > Thyroid Other > Extension > Component > Condition Code,,Comorbidities Elixhauser Profile
DST,,,mCODE,Component > Thyroid Other > Extension > Component > Condition Reference,,Comorbidities Elixhauser Profile
DST,,,mCODE,Component > Thyroid Other > Value,,Comorbidities Elixhauser Profile
DST,,,mCODE,Component > Ulcer,,Comorbidities Elixhauser Profile
DST,,,mCODE,Component > Ulcer > Extension,,Comorbidities Elixhauser Profile
DST,,,mCODE,Component > Ulcer > Extension > Component > Condition Code,,Comorbidities Elixhauser Profile
DST,,,mCODE,Component > Ulcer > Extension > Component > Condition Reference,,Comorbidities Elixhauser Profile
DST,,,mCODE,Component > Ulcer > Value,,Comorbidities Elixhauser Profile
DST,,,mCODE,Component > Valvular Disease,,Comorbidities Elixhauser Profile
DST,,,mCODE,Component > Valvular Disease > Extension,,Comorbidities Elixhauser Profile
DST,,,mCODE,Component > Valvular Disease > Extension > Component > Condition Code,,Comorbidities Elixhauser Profile
DST,,,mCODE,Component > Valvular Disease > Extension > Component > Condition Reference,,Comorbidities Elixhauser Profile
DST,,,mCODE,Component > Valvular Disease > Value,,Comorbidities Elixhauser Profile
DST,,,mCODE,Component > Weight Loss,,Comorbidities Elixhauser Profile
DST,,,mCODE,Component > Weight Loss > Extension,,Comorbidities Elixhauser Profile
DST,,,mCODE,Component > Weight Loss > Extension > Component > Condition Code,,Comorbidities Elixhauser Profile
DST,,,mCODE,Component > Weight Loss > Extension > Component > Condition Reference,,Comorbidities Elixhauser Profile
DST,,,mCODE,Component > Weight Loss > Value,,Comorbidities Elixhauser Profile
DST,,,HTAN,start_days_from_index,,Exposure
DST,,,HTAN,start_days_from_index,,Molecular Test
DST,,,mCODE,Termination Reason,,Cancer-Related Medication Administration Profile
DST,,,mCODE,Status,,Cancer-Related Medication Administration Profile
DST,,,mCODE,Medication,,Cancer-Related Medication Administration Profile
DST,,,mCODE,Subject,,Cancer-Related Medication Administration Profile
DST,,,mCODE,Effective,,Cancer-Related Medication Administration Profile
DST,,,mCODE,Reason Code,,Cancer-Related Medication Administration Profile
DST,,,mCODE,Reason Reference,,Cancer-Related Medication Administration Profile
DST,,,mCODE,Treatment Intent,,Cancer-Related Medication Request Profile
DST,,,mCODE,Termination Reason,,Cancer-Related Medication Request Profile
DST,,,mCODE,Status,,Cancer-Related Medication Request Profile
DST,,,mCODE,Intent,,Cancer-Related Medication Request Profile
DST,,,mCODE,Category,,Cancer-Related Medication Request Profile
DST,,,mCODE,Reported,,Cancer-Related Medication Request Profile
DST,,,mCODE,Medication,,Cancer-Related Medication Request Profile
DST,,,mCODE,Subject,,Cancer-Related Medication Request Profile
DST,,,mCODE,Encounter,,Cancer-Related Medication Request Profile
DST,,,mCODE,Authored On,,Cancer-Related Medication Request Profile
DST,,,mCODE,Requester,,Cancer-Related Medication Request Profile
DST,,,mCODE,Reason Code,,Cancer-Related Medication Request Profile
DST,,,mCODE,Reason Reference,,Cancer-Related Medication Request Profile
DST,,,mCODE,Dosage Instruction,,Cancer-Related Medication Request Profile
DST,,,mCODE,Dosage Instruction > Text,,Cancer-Related Medication Request Profile
DST,,,mCODE,Status,,ECOG Performance Status Profile
DST,,,mCODE,Subject,,ECOG Performance Status Profile
DST,,,mCODE,Effective,,ECOG Performance Status Profile
DST,,,mCODE,Value,,ECOG Performance Status Profile
DST,,,mCODE,Interpretation,,ECOG Performance Status Profile
DST,,,mCODE,Status,,Genomic Region Studied Profile
DST,,,mCODE,Subject,,Genomic Region Studied Profile
DST,,,mCODE,Effective,,Genomic Region Studied Profile
DST,,,mCODE,Value,,Genomic Region Studied Profile
DST,,,mCODE,Data Absent Reason,,Genomic Region Studied Profile
DST,,,mCODE,Component,,Genomic Region Studied Profile
DST,,,mCODE,Component > Code,,Genomic Region Studied Profile
DST,,,mCODE,Component > Value,,Genomic Region Studied Profile
DST,,,mCODE,Component > Gene Mutations > Value,,Genomic Region Studied Profile
DST,,,mCODE,Component > Gene Studied > Value,,Genomic Region Studied Profile
DST,,,mCODE,Component > Dna Region Description,,Genomic Region Studied Profile
DST,,,mCODE,Component > Dna Region Description > Value,,Genomic Region Studied Profile
DST,,,mCODE,Component > Dna Ranges Examined,,Genomic Region Studied Profile
DST,,,mCODE,Component > Dna Ranges Examined > Value,,Genomic Region Studied Profile
DST,,,mCODE,Component > Genomic Region Coordinate System > Value,,Genomic Region Studied Profile
DST,,,mCODE,Component > Genomic Reference Sequence Id,,Genomic Region Studied Profile
DST,,,mCODE,Component > Genomic Reference Sequence Id > Value,,Genomic Region Studied Profile
DST,,,mCODE,Related Condition,,Genomic Specimen Profile
DST,,,mCODE,Status,,Genomic Specimen Profile
DST,,,mCODE,Type,,Genomic Specimen Profile
DST,,,mCODE,Subject,,Genomic Specimen Profile
DST,,,mCODE,Collection,,Genomic Specimen Profile
DST,,,mCODE,Collection > Body Site,,Genomic Specimen Profile
DST,,,mCODE,Collection > Body Site > Location Qualifier,,Genomic Specimen Profile
DST,,,mCODE,Collection > Body Site > Laterality Qualifier,,Genomic Specimen Profile
DST,,,mCODE,Status,,Genomic Variant Profile
DST,,,mCODE,Subject,,Genomic Variant Profile
DST,,,mCODE,Effective,,Genomic Variant Profile
DST,,,mCODE,Value,,Genomic Variant Profile
DST,,,mCODE,Data Absent Reason,,Genomic Variant Profile
DST,,,mCODE,Method,,Genomic Variant Profile
DST,,,mCODE,Specimen,,Genomic Variant Profile
DST,,,mCODE,Component,,Genomic Variant Profile
DST,,,mCODE,Component > Code,,Genomic Variant Profile
DST,,,mCODE,Component > Value,,Genomic Variant Profile
DST,,,mCODE,Component > Gene Studied > Value,,Genomic Variant Profile
DST,,,mCODE,Component > Variation Code > Value,,Genomic Variant Profile
DST,,,mCODE,Component > Genomic DNA Change > Value,,Genomic Variant Profile
DST,,,mCODE,Component > Genomic DNA Change Type > Value,,Genomic Variant Profile
DST,,,mCODE,Component > Molecular Consequence > Value,,Genomic Variant Profile
DST,,,mCODE,Component > Genomic Source Class > Value,,Genomic Variant Profile
DST,,,mCODE,Component > Amino Acid Change > Value,,Genomic Variant Profile
DST,,,mCODE,Component > Amino Acid Change Type > Value,,Genomic Variant Profile
DST,,,mCODE,Component > Copy Number,,Genomic Variant Profile
DST,,,mCODE,Component > Copy Number > Value,,Genomic Variant Profile
DST,,,mCODE,Component > Sample Allelic Frequency,,Genomic Variant Profile
DST,,,mCODE,Component > Sample Allelic Frequency > Value,,Genomic Variant Profile
DST,,,mCODE,Component > Allelic State > Value,,Genomic Variant Profile
DST,,,mCODE,Component > Cytogenetic Location,,Genomic Variant Profile
DST,,,mCODE,Component > Cytogenetic Location > Value,,Genomic Variant Profile
DST,,,mCODE,Component > Cytogenetic Nomenclature,,Genomic Variant Profile
DST,,,mCODE,Component > Cytogenetic Nomenclature > Value,,Genomic Variant Profile
DST,,,mCODE,Component > Clinical Significance > Value,,Genomic Variant Profile
DST,,,mCODE,Status,,Genomics Report Profile
DST,,,mCODE,Subject,,Genomics Report Profile
DST,,,mCODE,Effective,,Genomics Report Profile
DST,,,mCODE,Issued,,Genomics Report Profile
DST,,,mCODE,Performer,,Genomics Report Profile
DST,,,mCODE,Specimen,,Genomics Report Profile
DST,,,mCODE,Result > Genomic Variant,,Genomics Report Profile
DST,,,mCODE,Result > Genomic Region Studied,,Genomics Report Profile
DST,,,mCODE,Status,,Karnofsky Performance Status Profile
DST,,,mCODE,Subject,,Karnofsky Performance Status Profile
DST,,,mCODE,Effective,,Karnofsky Performance Status Profile
DST,,,mCODE,Value,,Karnofsky Performance Status Profile
DST,,,mCODE,Interpretation,,Karnofsky Performance Status Profile
DST,,,mCODE,Timestamp,,mCODE Patient Bundle Profile
DST,,,mCODE,Entry,,mCODE Patient Bundle Profile
DST,,,mCODE,Entry > Resource,,mCODE Patient Bundle Profile
DST,,,mCODE,Entry > Cancer Patient,,mCODE Patient Bundle Profile
DST,,,mCODE,Entry > Cancer Patient > Resource,,mCODE Patient Bundle Profile
DST,,,mCODE,Entry > Primary Cancer Condition,,mCODE Patient Bundle Profile
DST,,,mCODE,Entry > Cancer Related Medication Administration,,mCODE Patient Bundle Profile
DST,,,mCODE,Entry > Cancer Related Medication Request,,mCODE Patient Bundle Profile
DST,,,mCODE,Entry > Genomics Report,,mCODE Patient Bundle Profile
DST,,,mCODE,Entry > Cancer Related Surgical Procedure,,mCODE Patient Bundle Profile
DST,,,mCODE,Entry > Comorbidities Elixhauser,,mCODE Patient Bundle Profile
DST,,,mCODE,Entry > Ecog Performance Status,,mCODE Patient Bundle Profile
DST,,,mCODE,Entry > Genomic Specimen,,mCODE Patient Bundle Profile
DST,,,mCODE,Entry > Genomic Region Studied,,mCODE Patient Bundle Profile
DST,,,mCODE,Entry > Karnofsky Performance Status,,mCODE Patient Bundle Profile
DST,,,mCODE,Entry > Radiotherapy Course Summary,,mCODE Patient Bundle Profile
DST,,,mCODE,Entry > Radiotherapy Volume,,mCODE Patient Bundle Profile
DST,,,mCODE,Entry > Secondary Cancer Condition,,mCODE Patient Bundle Profile
DST,,,mCODE,Entry > Tumor,,mCODE Patient Bundle Profile
DST,,,mCODE,Entry > Tumor Marker Test,,mCODE Patient Bundle Profile
DST,,,mCODE,Entry > Tumor Size,,mCODE Patient Bundle Profile
DST,,,mCODE,Asserted Date,,Primary Cancer Condition Profile
DST,,,mCODE,Histology Morphology Behavior,,Primary Cancer Condition Profile
DST,,,mCODE,Clinical Status,,Primary Cancer Condition Profile
DST,,,mCODE,Verification Status,,Primary Cancer Condition Profile
DST,,,mCODE,Category,,Primary Cancer Condition Profile
DST,,,mCODE,Code,,Primary Cancer Condition Profile
DST,,,mCODE,Body Site,,Primary Cancer Condition Profile
DST,,,mCODE,Body Site > Location Qualifier,,Primary Cancer Condition Profile
DST,,,mCODE,Body Site > Laterality Qualifier,,Primary Cancer Condition Profile
DST,,,mCODE,Subject,,Primary Cancer Condition Profile
DST,,,mCODE,Stage,,Primary Cancer Condition Profile
DST,,,mCODE,Stage > Assessment,,Primary Cancer Condition Profile
DST,,,mCODE,Treatment Intent,,Radiotherapy Course Summary Profile
DST,,,mCODE,Termination Reason,,Radiotherapy Course Summary Profile
DST,,,mCODE,Modality and Technique,,Radiotherapy Course Summary Profile
DST,,,mCODE,Modality and Technique > Modality,,Radiotherapy Course Summary Profile
DST,,,mCODE,Modality and Technique > Technique,,Radiotherapy Course Summary Profile
DST,,,mCODE,Actual Number of Sessions,,Radiotherapy Course Summary Profile
DST,,,mCODE,Dose Delivered to Volume,,Radiotherapy Course Summary Profile
DST,,,mCODE,Dose Delivered to Volume > Volume,,Radiotherapy Course Summary Profile
DST,,,mCODE,Dose Delivered to Volume > Total Dose Delivered,,Radiotherapy Course Summary Profile
DST,,,mCODE,Dose Delivered to Volume > Fractions Delivered,,Radiotherapy Course Summary Profile
DST,,,mCODE,Status,,Radiotherapy Course Summary Profile
DST,,,mCODE,Subject,,Radiotherapy Course Summary Profile
DST,,,mCODE,Performed,,Radiotherapy Course Summary Profile
DST,,,mCODE,Reason Code,,Radiotherapy Course Summary Profile
DST,,,mCODE,Reason Reference,,Radiotherapy Course Summary Profile
DST,,,mCODE,Body Site,,Radiotherapy Course Summary Profile
DST,,,mCODE,Identifier,,Radiotherapy Volume Profile
DST,,,mCODE,Identifier > Display Name,,Radiotherapy Volume Profile
DST,,,mCODE,Identifier > Display Name > Value,,Radiotherapy Volume Profile
DST,,,mCODE,Morphology,,Radiotherapy Volume Profile
DST,,,mCODE,Location,,Radiotherapy Volume Profile
DST,,,mCODE,Location Qualifier,,Radiotherapy Volume Profile
DST,,,mCODE,Description,,Radiotherapy Volume Profile
DST,,,mCODE,Patient,,Radiotherapy Volume Profile
DST,,,mCODE,Extension,,Secondary Cancer Condition Profile
DST,,,mCODE,Extension > Asserted Date,,Secondary Cancer Condition Profile
DST,,,mCODE,Extension > Histology Morphology Behavior,,Secondary Cancer Condition Profile
DST,,,mCODE,Extension > Related Primary Cancer Condition,,Secondary Cancer Condition Profile
DST,,,mCODE,Clinical Status,,Secondary Cancer Condition Profile
DST,,,mCODE,Verification Status,,Secondary Cancer Condition Profile
DST,,,mCODE,Category,,Secondary Cancer Condition Profile
DST,,,mCODE,Code,,Secondary Cancer Condition Profile
DST,,,mCODE,Body Site,,Secondary Cancer Condition Profile
DST,,,mCODE,Body Site > Location Qualifier,,Secondary Cancer Condition Profile
DST,,,mCODE,Body Site > Laterality Qualifier,,Secondary Cancer Condition Profile
DST,,,mCODE,Subject,,Secondary Cancer Condition Profile
DST,,,mCODE,Status,,TNM Distant Metastases Category Profile
DST,,,mCODE,Code,,TNM Distant Metastases Category Profile
DST,,,mCODE,Subject,,TNM Distant Metastases Category Profile
DST,,,mCODE,Focus,,TNM Distant Metastases Category Profile
DST,,,mCODE,Effective,,TNM Distant Metastases Category Profile
DST,,,mCODE,Value,,TNM Distant Metastases Category Profile
DST,,,mCODE,Method,,TNM Distant Metastases Category Profile
DST,,,mCODE,Status,,TNM Primary Tumor Category Profile
DST,,,mCODE,Code,,TNM Primary Tumor Category Profile
DST,,,mCODE,Subject,,TNM Primary Tumor Category Profile
DST,,,mCODE,Focus,,TNM Primary Tumor Category Profile
DST,,,mCODE,Effective,,TNM Primary Tumor Category Profile
DST,,,mCODE,Value,,TNM Primary Tumor Category Profile
DST,,,mCODE,Method,,TNM Primary Tumor Category Profile
DST,,,mCODE,Status,,TNM Regional Nodes Category Profile
DST,,,mCODE,Code,,TNM Regional Nodes Category Profile
DST,,,mCODE,Subject,,TNM Regional Nodes Category Profile
DST,,,mCODE,Focus,,TNM Regional Nodes Category Profile
DST,,,mCODE,Effective,,TNM Regional Nodes Category Profile
DST,,,mCODE,Value,,TNM Regional Nodes Category Profile
DST,,,mCODE,Method,,TNM Regional Nodes Category Profile
DST,,,mCODE,Status,,Tumor Marker Test Profile
DST,,,mCODE,Code,,Tumor Marker Test Profile
DST,,,mCODE,Subject,,Tumor Marker Test Profile
DST,,,mCODE,Effective,,Tumor Marker Test Profile
DST,,,mCODE,Value,,Tumor Marker Test Profile
DST,,,mCODE,Data Absent Reason,,Tumor Marker Test Profile
DST,,,mCODE,Specimen,,Tumor Marker Test Profile
DST,,,mCODE,Subject,,Tumor Size Profile
DST,,,mCODE,Focus,,Tumor Size Profile
DST,,,mCODE,Effective,,Tumor Size Profile
DST,,,mCODE,Method,,Tumor Size Profile
DST,,,mCODE,Specimen,,Tumor Size Profile
DST,,,mCODE,Component,,Tumor Size Profile
DST,,,mCODE,Component > Tumor Longest Dimension,,Tumor Size Profile
DST,,,mCODE,Component > Tumor Longest Dimension > Value,,Tumor Size Profile
DST,,,mCODE,Component > Tumor Other Dimension,,Tumor Size Profile
DST,,,mCODE,Component > Tumor Other Dimension > Value,,Tumor Size Profile
DST,,,mCODE,Related Condition,,Tumor Specimen Profile
DST,,,mCODE,Identifier,,Tumor Specimen Profile
DST,,,mCODE,Identifier > Tumor Identifier,,Tumor Specimen Profile
DST,,,mCODE,Identifier > Tumor Identifier > Value,,Tumor Specimen Profile
DST,,,mCODE,Status,,Tumor Specimen Profile
DST,,,mCODE,Subject,,Tumor Specimen Profile
DST,,,mCODE,Collection,,Tumor Specimen Profile
DST,,,mCODE,Collection > Body Site,,Tumor Specimen Profile
DST,,,mCODE,Collection > Body Site > Location Qualifier,,Tumor Specimen Profile
DST,,,mCODE,Collection > Body Site > Laterality Qualifier,,Tumor Specimen Profile
DST,,,mCODE,Extension,,Tumor Profile
DST,,,mCODE,Extension > Related Condition,,Tumor Profile
DST,,,mCODE,Extension > Related Condition > Value,,Tumor Profile
DST,,,mCODE,Identifier,,Tumor Profile
DST,,,mCODE,Location,,Tumor Profile
DST,,,mCODE,Location Qualifier,,Tumor Profile
DST,,,mCODE,Patient,,Tumor Profile
DST,,,GDC,tumor_depth,,Diagnosis
DST,,,PDC,tumor_depth,,Diagnosis
